Timestamp,Actual_Load_kWh,Predicted_Load_kWh
2013-05-08 06:30:00,117.116,101.7898
2013-05-08 07:00:00,108.571,115.281265
2013-05-08 07:30:00,104.717,109.00104
2013-05-08 08:00:00,102.089,97.03214
2013-05-08 08:30:00,92.435,90.31657
2013-05-08 09:00:00,83.608,88.55621
2013-05-08 09:30:00,87.648,80.49746
2013-05-08 10:00:00,87.356,77.18335
2013-05-08 10:30:00,85.297,82.080635
2013-05-08 11:00:00,75.26,83.29586
2013-05-08 11:30:00,76.284,82.00159
2013-05-08 12:00:00,76.805,75.0946
2013-05-08 12:30:00,74.921,75.651115
2013-05-08 13:00:00,73.617,76.16081
2013-05-08 13:30:00,70.061,73.249664
2013-05-08 14:00:00,65.226,71.10323
2013-05-08 14:30:00,65.937,69.70867
2013-05-08 15:00:00,69.048,69.46065
2013-05-08 15:30:00,72.779,72.96928
2013-05-08 16:00:00,82.015,79.01877
2013-05-08 16:30:00,101.292,90.042946
2013-05-08 17:00:00,124.174,116.70399
2013-05-08 17:30:00,151.285,144.67319
2013-05-08 18:00:00,147.021,161.65405
2013-05-08 18:30:00,140.941,153.17398
2013-05-08 19:00:00,137.82,140.25423
2013-05-08 19:30:00,130.438,135.92865
2013-05-08 20:00:00,132.63,136.12662
2013-05-08 20:30:00,125.014,131.61775
2013-05-08 21:00:00,119.58,125.07588
2013-05-08 21:30:00,113.577,114.94076
2013-05-08 22:00:00,120.562,116.60648
2013-05-08 22:30:00,116.14,115.433586
2013-05-08 23:00:00,132.634,115.83975
2013-05-08 23:30:00,144.287,134.54185
2013-05-09 00:00:00,172.075,144.07498
2013-05-09 00:30:00,136.847,127.74872
2013-05-09 01:00:00,113.495,125.89677
2013-05-09 01:30:00,95.288,95.22474
2013-05-09 02:00:00,79.321,78.33228
2013-05-09 02:30:00,66.333,63.13221
2013-05-09 03:00:00,62.381,61.55116
2013-05-09 03:30:00,57.551,60.5555
2013-05-09 04:00:00,52.48,61.425014
2013-05-09 04:30:00,53.381,62.711205
2013-05-09 05:00:00,72.242,64.028534
2013-05-09 05:30:00,74.235,66.992615
2013-05-09 06:00:00,93.08,86.45479
2013-05-09 06:30:00,123.111,102.245804
2013-05-09 07:00:00,109.964,111.59134
2013-05-09 07:30:00,110.024,107.51897
2013-05-09 08:00:00,95.639,94.75069
2013-05-09 08:30:00,95.498,92.12457
2013-05-09 09:00:00,82.623,81.65719
2013-05-09 09:30:00,77.625,80.377754
2013-05-09 10:00:00,69.104,77.634575
2013-05-09 10:30:00,78.428,78.163
2013-05-09 11:00:00,69.437,74.81723
2013-05-09 11:30:00,70.183,75.62861
2013-05-09 12:00:00,73.913,73.44168
2013-05-09 12:30:00,73.466,74.12916
2013-05-09 13:00:00,68.357,74.20356
2013-05-09 13:30:00,66.607,74.46728
2013-05-09 14:00:00,67.532,71.280014
2013-05-09 14:30:00,63.95,70.993835
2013-05-09 15:00:00,63.756,71.47667
2013-05-09 15:30:00,66.129,74.14027
2013-05-09 16:00:00,78.426,79.07988
2013-05-09 16:30:00,88.18599999999999,88.5058
2013-05-09 17:00:00,113.763,112.63215
2013-05-09 17:30:00,143.543,132.86371
2013-05-09 18:00:00,146.167,155.06975
2013-05-09 18:30:00,145.532,151.62186
2013-05-09 19:00:00,141.174,139.30237
2013-05-09 19:30:00,135.346,136.17882
2013-05-09 20:00:00,128.719,139.26453
2013-05-09 20:30:00,126.066,133.89038
2013-05-09 21:00:00,112.986,123.57956
2013-05-09 21:30:00,115.09,116.44353
2013-05-09 22:00:00,121.023,116.04086
2013-05-09 22:30:00,119.243,116.308784
2013-05-09 23:00:00,130.593,118.12947
2013-05-09 23:30:00,155.188,136.7321
2013-05-10 00:00:00,169.498,142.15105
2013-05-10 00:30:00,131.042,130.45757
2013-05-10 01:00:00,104.37,122.293144
2013-05-10 01:30:00,88.334,98.94693
2013-05-10 02:00:00,76.114,74.88949
2013-05-10 02:30:00,64.657,67.10442
2013-05-10 03:00:00,54.7,61.765453
2013-05-10 03:30:00,58.097,60.48262
2013-05-10 04:00:00,56.317,61.24154
2013-05-10 04:30:00,54.098,61.489456
2013-05-10 05:00:00,68.318,62.907448
2013-05-10 05:30:00,70.255,68.05779
2013-05-10 06:00:00,90.25,81.601494
2013-05-10 06:30:00,101.065,99.63201
2013-05-10 07:00:00,97.044,109.26126
2013-05-10 07:30:00,101.466,98.76724
2013-05-10 08:00:00,94.876,92.42277
2013-05-10 08:30:00,94.768,90.593056
2013-05-10 09:00:00,88.867,86.6368
2013-05-10 09:30:00,72.809,84.32877
2013-05-10 10:00:00,69.921,81.67055
2013-05-10 10:30:00,73.432,76.34478
2013-05-10 11:00:00,68.175,75.44904
2013-05-10 11:30:00,67.219,73.4874
2013-05-10 12:00:00,73.789,73.976875
2013-05-10 12:30:00,73.158,74.396736
2013-05-10 13:00:00,68.924,74.85334
2013-05-10 13:30:00,72.532,75.33319
2013-05-10 14:00:00,66.557,72.13618
2013-05-10 14:30:00,70.128,71.63872
2013-05-10 15:00:00,69.955,71.7969
2013-05-10 15:30:00,72.101,74.971825
2013-05-10 16:00:00,81.723,79.22672
2013-05-10 16:30:00,91.923,87.384384
2013-05-10 17:00:00,111.739,109.90786
2013-05-10 17:30:00,137.9,138.8746
2013-05-10 18:00:00,143.444,150.89757
2013-05-10 18:30:00,135.169,149.77896
2013-05-10 19:00:00,126.6,137.39076
2013-05-10 19:30:00,125.067,130.101
2013-05-10 20:00:00,127.525,130.40018
2013-05-10 20:30:00,125.359,126.34766
2013-05-10 21:00:00,122.089,118.2638
2013-05-10 21:30:00,117.301,113.83515
2013-05-10 22:00:00,128.793,116.27649
2013-05-10 22:30:00,116.037,115.61515
2013-05-10 23:00:00,136.549,122.29228
2013-05-10 23:30:00,160.259,138.17502
2013-05-11 00:00:00,172.024,143.8923
2013-05-11 00:30:00,136.686,135.24796
2013-05-11 01:00:00,110.482,122.126755
2013-05-11 01:30:00,91.629,105.545425
2013-05-11 02:00:00,81.11,74.90027
2013-05-11 02:30:00,62.466,63.987522
2013-05-11 03:00:00,63.239,62.012455
2013-05-11 03:30:00,56.235,60.45445
2013-05-11 04:00:00,57.599,60.828884
2013-05-11 04:30:00,53.388,61.934498
2013-05-11 05:00:00,61.622,61.25624
2013-05-11 05:30:00,63.375,64.46691
2013-05-11 06:00:00,72.43599999999999,70.012794
2013-05-11 06:30:00,82.481,81.70441
2013-05-11 07:00:00,93.582,93.37964
2013-05-11 07:30:00,99.529,101.0057
2013-05-11 08:00:00,110.814,102.23244
2013-05-11 08:30:00,108.524,98.77938
2013-05-11 09:00:00,108.767,107.29606
2013-05-11 09:30:00,104.42,104.74598
2013-05-11 10:00:00,105.052,103.269
2013-05-11 10:30:00,106.111,99.67649
2013-05-11 11:00:00,97.504,99.708725
2013-05-11 11:30:00,97.526,102.32895
2013-05-11 12:00:00,99.732,94.954216
2013-05-11 12:30:00,100.257,95.80267
2013-05-11 13:00:00,100.652,96.38164
2013-05-11 13:30:00,93.021,97.866745
2013-05-11 14:00:00,93.08,96.73909
2013-05-11 14:30:00,94.587,88.56964
2013-05-11 15:00:00,95.096,90.41206
2013-05-11 15:30:00,101.342,97.60534
2013-05-11 16:00:00,114.245,102.68837
2013-05-11 16:30:00,125.798,120.66769
2013-05-11 17:00:00,135.142,137.28929
2013-05-11 17:30:00,145.777,159.77437
2013-05-11 18:00:00,150.539,166.71484
2013-05-11 18:30:00,140.352,158.20963
2013-05-11 19:00:00,126.481,146.96617
2013-05-11 19:30:00,120.14,140.44754
2013-05-11 20:00:00,118.286,131.33783
2013-05-11 20:30:00,110.227,122.25129
2013-05-11 21:00:00,106.257,114.47823
2013-05-11 21:30:00,108.42,111.53441
2013-05-11 22:00:00,116.922,114.35171
2013-05-11 22:30:00,112.436,115.58012
2013-05-11 23:00:00,134.884,117.23781
2013-05-11 23:30:00,149.578,136.77814
2013-05-12 00:00:00,170.053,146.75793
2013-05-12 00:30:00,142.945,133.94582
2013-05-12 01:00:00,114.744,127.55675
2013-05-12 01:30:00,100.088,101.79997
2013-05-12 02:00:00,80.973,74.70407
2013-05-12 02:30:00,72.647,66.99446
2013-05-12 03:00:00,63.81,63.899017
2013-05-12 03:30:00,65.491,63.86578
2013-05-12 04:00:00,57.873,62.61424
2013-05-12 04:30:00,58.788,63.50126
2013-05-12 05:00:00,64.917,63.674957
2013-05-12 05:30:00,66.107,64.187836
2013-05-12 06:00:00,67.55,70.6327
2013-05-12 06:30:00,78.88,75.14671
2013-05-12 07:00:00,92.096,84.806915
2013-05-12 07:30:00,107.814,92.19336
2013-05-12 08:00:00,110.263,99.53744
2013-05-12 08:30:00,118.883,103.862915
2013-05-12 09:00:00,115.436,106.25772
2013-05-12 09:30:00,113.488,110.00491
2013-05-12 10:00:00,109.794,108.932846
2013-05-12 10:30:00,100.041,107.92897
2013-05-12 11:00:00,94.489,105.13778
2013-05-12 11:30:00,94.475,95.61219
2013-05-12 12:00:00,93.748,89.49114
2013-05-12 12:30:00,94.682,88.812195
2013-05-12 13:00:00,82.629,89.859
2013-05-12 13:30:00,81.55199999999999,90.34867
2013-05-12 14:00:00,79.175,81.8698
2013-05-12 14:30:00,83.444,80.867775
2013-05-12 15:00:00,75.784,83.2509
2013-05-12 15:30:00,83.26,88.76865
2013-05-12 16:00:00,86.611,90.299576
2013-05-12 16:30:00,101.46,104.50822
2013-05-12 17:00:00,129.368,125.18379
2013-05-12 17:30:00,148.787,141.37431
2013-05-12 18:00:00,148.395,167.56348
2013-05-12 18:30:00,143.012,161.3243
2013-05-12 19:00:00,138.977,149.25336
2013-05-12 19:30:00,126.792,143.79929
2013-05-12 20:00:00,127.182,143.32544
2013-05-12 20:30:00,119.91,132.2511
2013-05-12 21:00:00,115.997,118.977455
2013-05-12 21:30:00,110.734,112.41635
2013-05-12 22:00:00,116.724,112.81827
2013-05-12 22:30:00,116.205,113.785614
2013-05-12 23:00:00,124.146,117.30248
2013-05-12 23:30:00,161.77,131.28468
2013-05-13 00:00:00,160.375,145.68295
2013-05-13 00:30:00,130.762,132.88052
2013-05-13 01:00:00,116.862,114.90803
2013-05-13 01:30:00,98.53,95.16182
2013-05-13 02:00:00,81.70400000000001,79.92453
2013-05-13 02:30:00,71.281,65.95397
2013-05-13 03:00:00,65.93299999999999,62.52438
2013-05-13 03:30:00,55.542,61.95571
2013-05-13 04:00:00,54.742,62.28829
2013-05-13 04:30:00,57.529,63.290375
2013-05-13 05:00:00,58.898,65.27986
2013-05-13 05:30:00,61.481,68.9333
2013-05-13 06:00:00,79.453,82.20145
2013-05-13 06:30:00,109.831,91.95001
2013-05-13 07:00:00,104.153,98.953674
2013-05-13 07:30:00,108.868,105.6305
2013-05-13 08:00:00,112.409,97.51524
2013-05-13 08:30:00,103.04,95.79944
2013-05-13 09:00:00,93.927,100.11112
2013-05-13 09:30:00,88.151,90.15169
2013-05-13 10:00:00,84.4,85.03927
2013-05-13 10:30:00,80.65,82.468575
2013-05-13 11:00:00,78.488,82.11239
2013-05-13 11:30:00,80.816,78.475975
2013-05-13 12:00:00,78.141,78.6094
2013-05-13 12:30:00,81.196,79.24837
2013-05-13 13:00:00,86.769,79.62212
2013-05-13 13:30:00,89.781,79.35167
2013-05-13 14:00:00,87.161,83.56977
2013-05-13 14:30:00,80.147,85.63173
2013-05-13 15:00:00,77.803,87.568115
2013-05-13 15:30:00,85.648,88.55361
2013-05-13 16:00:00,92.561,88.910164
2013-05-13 16:30:00,113.001,100.2604
2013-05-13 17:00:00,136.822,131.15244
2013-05-13 17:30:00,171.424,157.52043
2013-05-13 18:00:00,173.506,169.83896
2013-05-13 18:30:00,156.474,163.39146
2013-05-13 19:00:00,147.006,159.55144
2013-05-13 19:30:00,145.631,149.99826
2013-05-13 20:00:00,132.789,147.55702
2013-05-13 20:30:00,130.923,145.29823
2013-05-13 21:00:00,120.283,133.65656
2013-05-13 21:30:00,119.085,124.553894
2013-05-13 22:00:00,122.337,117.5717
2013-05-13 22:30:00,123.024,116.12166
2013-05-13 23:00:00,135.75,118.44071
2013-05-13 23:30:00,167.715,142.72565
2013-05-14 00:00:00,175.548,151.60681
2013-05-14 00:30:00,148.065,142.0698
2013-05-14 01:00:00,117.113,124.489105
2013-05-14 01:30:00,104.421,103.89791
2013-05-14 02:00:00,79.614,80.272446
2013-05-14 02:30:00,68.23,70.035515
2013-05-14 03:00:00,69.416,66.731064
2013-05-14 03:30:00,60.062,64.49981
2013-05-14 04:00:00,54.809,64.859215
2013-05-14 04:30:00,60.486,66.25943
2013-05-14 05:00:00,63.943,67.65633
2013-05-14 05:30:00,70.432,71.20585
2013-05-14 06:00:00,78.614,80.33664
2013-05-14 06:30:00,108.695,95.67299
2013-05-14 07:00:00,104.325,102.310745
2013-05-14 07:30:00,112.26,104.83041
2013-05-14 08:00:00,110.164,97.10042
2013-05-14 08:30:00,108.065,103.75337
2013-05-14 09:00:00,97.847,94.282585
2013-05-14 09:30:00,90.915,91.65448
2013-05-14 10:00:00,92.055,84.58015
2013-05-14 10:30:00,92.244,82.21826
2013-05-14 11:00:00,92.454,86.903854
2013-05-14 11:30:00,94.857,88.248024
2013-05-14 12:00:00,92.674,88.79239
2013-05-14 12:30:00,82.717,90.34921
2013-05-14 13:00:00,77.773,87.31258
2013-05-14 13:30:00,77.96,79.93028
2013-05-14 14:00:00,75.42,76.19384
2013-05-14 14:30:00,73.28,76.59203
2013-05-14 15:00:00,73.777,77.53405
2013-05-14 15:30:00,75.251,80.26777
2013-05-14 16:00:00,81.822,84.37348
2013-05-14 16:30:00,101.327,95.613815
2013-05-14 17:00:00,138.668,123.063614
2013-05-14 17:30:00,159.213,143.21492
2013-05-14 18:00:00,155.276,171.0715
2013-05-14 18:30:00,150.616,163.90547
2013-05-14 19:00:00,157.235,152.9606
2013-05-14 19:30:00,150.694,146.63322
2013-05-14 20:00:00,147.462,155.33116
2013-05-14 20:30:00,137.892,145.15137
2013-05-14 21:00:00,122.833,141.1968
2013-05-14 21:30:00,128.411,131.7285
2013-05-14 22:00:00,134.479,121.5246
2013-05-14 22:30:00,119.163,119.5738
2013-05-14 23:00:00,138.806,127.923615
2013-05-14 23:30:00,156.291,139.09805
2013-05-15 00:00:00,174.658,153.20905
2013-05-15 00:30:00,145.696,143.48328
2013-05-15 01:00:00,134.97,126.69535
2013-05-15 01:30:00,114.585,103.7441
2013-05-15 02:00:00,91.247,88.90747
2013-05-15 02:30:00,75.493,73.96603
2013-05-15 03:00:00,69.143,64.82985
2013-05-15 03:30:00,72.562,64.2135
2013-05-15 04:00:00,62.462,63.848656
2013-05-15 04:30:00,60.785,66.1862
2013-05-15 05:00:00,68.833,67.2039
2013-05-15 05:30:00,77.837,72.082466
2013-05-15 06:00:00,105.891,79.77788
2013-05-15 06:30:00,140.352,103.06299
2013-05-15 07:00:00,124.644,120.45493
2013-05-15 07:30:00,124.212,125.71541
2013-05-15 08:00:00,120.273,110.912636
2013-05-15 08:30:00,106.237,99.59138
2013-05-15 09:00:00,98.91,103.05318
2013-05-15 09:30:00,94.351,90.60652
2013-05-15 10:00:00,90.291,85.00458
2013-05-15 10:30:00,86.138,83.589455
2013-05-15 11:00:00,78.81400000000001,85.9597
2013-05-15 11:30:00,81.673,81.14179
2013-05-15 12:00:00,85.176,78.83626
2013-05-15 12:30:00,76.72,78.8532
2013-05-15 13:00:00,77.023,80.973045
2013-05-15 13:30:00,70.67999999999999,76.62123
2013-05-15 14:00:00,71.211,74.35248
2013-05-15 14:30:00,71.949,70.80399
2013-05-15 15:00:00,75.125,72.342
2013-05-15 15:30:00,81.269,76.30568
2013-05-15 16:00:00,96.302,84.35188
2013-05-15 16:30:00,114.864,97.69585
2013-05-15 17:00:00,141.428,131.6113
2013-05-15 17:30:00,161.997,155.1798
2013-05-15 18:00:00,171.267,166.59206
2013-05-15 18:30:00,167.376,164.17145
2013-05-15 19:00:00,149.459,159.43956
2013-05-15 19:30:00,160.573,154.63101
2013-05-15 20:00:00,164.251,148.28384
2013-05-15 20:30:00,143.026,152.00487
2013-05-15 21:00:00,130.773,148.4667
2013-05-15 21:30:00,124.186,137.78186
2013-05-15 22:00:00,136.759,129.90141
2013-05-15 22:30:00,124.468,123.81197
2013-05-15 23:00:00,138.093,130.05981
2013-05-15 23:30:00,165.76,146.03693
2013-05-16 00:00:00,170.055,153.55406
2013-05-16 00:30:00,142.91,151.73045
2013-05-16 01:00:00,123.327,125.673325
2013-05-16 01:30:00,103.531,104.87885
2013-05-16 02:00:00,80.59,86.63053
2013-05-16 02:30:00,62.557,72.80891
2013-05-16 03:00:00,66.243,68.97293
2013-05-16 03:30:00,63.914,66.371056
2013-05-16 04:00:00,56.029,66.84605
2013-05-16 04:30:00,54.575,69.076225
2013-05-16 05:00:00,62.016,71.12996
2013-05-16 05:30:00,72.556,74.73743
2013-05-16 06:00:00,98.115,83.63842
2013-05-16 06:30:00,120.079,106.96419
2013-05-16 07:00:00,120.231,115.7931
2013-05-16 07:30:00,118.628,116.11986
2013-05-16 08:00:00,109.94,113.34215
2013-05-16 08:30:00,99.437,104.667694
2013-05-16 09:00:00,105.26,94.803055
2013-05-16 09:30:00,85.433,85.72443
2013-05-16 10:00:00,76.727,91.5137
2013-05-16 10:30:00,77.441,81.39223
2013-05-16 11:00:00,80.395,77.557014
2013-05-16 11:30:00,79.95,75.89599
2013-05-16 12:00:00,85.543,80.63765
2013-05-16 12:30:00,86.443,79.45101
2013-05-16 13:00:00,79.084,84.048096
2013-05-16 13:30:00,78.999,85.211334
2013-05-16 14:00:00,80.763,77.654495
2013-05-16 14:30:00,80.45,76.15764
2013-05-16 15:00:00,83.046,81.93078
2013-05-16 15:30:00,83.547,88.07121
2013-05-16 16:00:00,87.966,93.64178
2013-05-16 16:30:00,106.181,103.48563
2013-05-16 17:00:00,133.115,121.806564
2013-05-16 17:30:00,165.306,150.53064
2013-05-16 18:00:00,171.244,166.25325
2013-05-16 18:30:00,159.734,171.13602
2013-05-16 19:00:00,155.684,161.10017
2013-05-16 19:30:00,153.344,153.75015
2013-05-16 20:00:00,154.512,150.30292
2013-05-16 20:30:00,144.849,147.83371
2013-05-16 21:00:00,139.061,143.82608
2013-05-16 21:30:00,138.684,139.00987
2013-05-16 22:00:00,141.562,138.09317
2013-05-16 22:30:00,129.548,132.39828
2013-05-16 23:00:00,144.155,137.28795
2013-05-16 23:30:00,183.587,150.55055
2013-05-17 00:00:00,178.033,166.91902
2013-05-17 00:30:00,147.843,151.40509
2013-05-17 01:00:00,107.169,127.16979
2013-05-17 01:30:00,95.296,108.58948
2013-05-17 02:00:00,85.717,77.92414
2013-05-17 02:30:00,71.417,70.33166
2013-05-17 03:00:00,65.996,68.9542
2013-05-17 03:30:00,61.137,67.52954
2013-05-17 04:00:00,62.987,67.98197
2013-05-17 04:30:00,56.543,69.69417
2013-05-17 05:00:00,63.535,71.60887
2013-05-17 05:30:00,79.244,74.521286
2013-05-17 06:00:00,86.468,80.74219
2013-05-17 06:30:00,112.494,110.67885
2013-05-17 07:00:00,120.977,115.19792
2013-05-17 07:30:00,133.427,115.10639
2013-05-17 08:00:00,122.515,116.29208
2013-05-17 08:30:00,110.475,117.53043
2013-05-17 09:00:00,103.049,106.57291
2013-05-17 09:30:00,89.683,98.56748
2013-05-17 10:00:00,85.353,92.17895
2013-05-17 10:30:00,84.875,83.76803
2013-05-17 11:00:00,93.593,84.08248
2013-05-17 11:30:00,81.579,83.89419
2013-05-17 12:00:00,75.657,91.435005
2013-05-17 12:30:00,80.791,82.83785
2013-05-17 13:00:00,73.993,77.71918
2013-05-17 13:30:00,76.693,80.12254
2013-05-17 14:00:00,76.927,74.22811
2013-05-17 14:30:00,72.813,74.890625
2013-05-17 15:00:00,74.686,79.091774
2013-05-17 15:30:00,80.887,81.39456
2013-05-17 16:00:00,95.189,86.28243
2013-05-17 16:30:00,108.654,99.34005
2013-05-17 17:00:00,144.319,127.10671
2013-05-17 17:30:00,169.504,150.98544
2013-05-17 18:00:00,169.389,174.39015
2013-05-17 18:30:00,166.293,169.8282
2013-05-17 19:00:00,162.925,162.54892
2013-05-17 19:30:00,162.339,157.53796
2013-05-17 20:00:00,164.465,156.37708
2013-05-17 20:30:00,155.855,153.94188
2013-05-17 21:00:00,143.84,150.23473
2013-05-17 21:30:00,137.543,142.82532
2013-05-17 22:00:00,142.615,145.08286
2013-05-17 22:30:00,133.016,132.17892
2013-05-17 23:00:00,151.239,137.41478
2013-05-17 23:30:00,159.255,154.76865
2013-05-18 00:00:00,186.14,173.99176
2013-05-18 00:30:00,154.237,149.58565
2013-05-18 01:00:00,127.24,139.57582
2013-05-18 01:30:00,102.806,119.793274
2013-05-18 02:00:00,83.575,86.36067
2013-05-18 02:30:00,72.882,76.360504
2013-05-18 03:00:00,65.022,68.156876
2013-05-18 03:30:00,62.516,68.015396
2013-05-18 04:00:00,62.118,67.73759
2013-05-18 04:30:00,63.302,69.51206
2013-05-18 05:00:00,59.161,70.565475
2013-05-18 05:30:00,66.487,70.20582
2013-05-18 06:00:00,73.527,75.85401
2013-05-18 06:30:00,92.827,85.182076
2013-05-18 07:00:00,111.01,97.83854
2013-05-18 07:30:00,130.449,110.53963
2013-05-18 08:00:00,145.885,117.5567
2013-05-18 08:30:00,137.619,125.64756
2013-05-18 09:00:00,122.734,141.29889
2013-05-18 09:30:00,127.161,120.99451
2013-05-18 10:00:00,111.784,108.44586
2013-05-18 10:30:00,110.26,117.20155
2013-05-18 11:00:00,107.215,108.59799
2013-05-18 11:30:00,97.654,110.1598
2013-05-18 12:00:00,97.02,105.942474
2013-05-18 12:30:00,93.922,97.621216
2013-05-18 13:00:00,88.845,96.24824
2013-05-18 13:30:00,86.737,94.84676
2013-05-18 14:00:00,94.26,88.51226
2013-05-18 14:30:00,90.699,86.46702
2013-05-18 15:00:00,87.119,98.345215
2013-05-18 15:30:00,89.249,98.925285
2013-05-18 16:00:00,104.209,101.60903
2013-05-18 16:30:00,127.1,109.840126
2013-05-18 17:00:00,155.302,133.05203
2013-05-18 17:30:00,171.916,167.62822
2013-05-18 18:00:00,179.224,184.10588
2013-05-18 18:30:00,167.029,169.30217
2013-05-18 19:00:00,158.022,165.42374
2013-05-18 19:30:00,155.948,156.52959
2013-05-18 20:00:00,155.451,152.31683
2013-05-18 20:30:00,146.378,147.29132
2013-05-18 21:00:00,149.036,143.38866
2013-05-18 21:30:00,140.904,139.79082
2013-05-18 22:00:00,147.913,143.00026
2013-05-18 22:30:00,137.823,138.93217
2013-05-18 23:00:00,144.968,139.2395
2013-05-18 23:30:00,156.688,154.11142
2013-05-19 00:00:00,167.179,162.56972
2013-05-19 00:30:00,134.642,153.19093
2013-05-19 01:00:00,113.289,133.11449
2013-05-19 01:30:00,103.628,106.47836
2013-05-19 02:00:00,87.385,83.700584
2013-05-19 02:30:00,79.232,74.72144
2013-05-19 03:00:00,64.155,73.53913
2013-05-19 03:30:00,63.666,71.665215
2013-05-19 04:00:00,64.312,70.5729
2013-05-19 04:30:00,70.139,72.097404
2013-05-19 05:00:00,69.109,72.12685
2013-05-19 05:30:00,74.505,72.44555
2013-05-19 06:00:00,82.86,75.07233
2013-05-19 06:30:00,97.717,80.96632
2013-05-19 07:00:00,112.636,97.89678
2013-05-19 07:30:00,129.085,108.53545
2013-05-19 08:00:00,130.954,121.85291
2013-05-19 08:30:00,132.93,132.53792
2013-05-19 09:00:00,127.767,133.37393
2013-05-19 09:30:00,125.888,125.18998
2013-05-19 10:00:00,118.322,113.755005
2013-05-19 10:30:00,114.464,113.42375
2013-05-19 11:00:00,111.954,111.31563
2013-05-19 11:30:00,114.545,109.44013
2013-05-19 12:00:00,102.849,111.439644
2013-05-19 12:30:00,98.621,114.35093
2013-05-19 13:00:00,89.458,101.62687
2013-05-19 13:30:00,84.49,96.53242
2013-05-19 14:00:00,87.245,85.986534
2013-05-19 14:30:00,83.125,82.93152
2013-05-19 15:00:00,99.298,89.25766
2013-05-19 15:30:00,103.845,89.81283
2013-05-19 16:00:00,118.777,112.52946
2013-05-19 16:30:00,144.289,121.94768
2013-05-19 17:00:00,163.203,151.28354
2013-05-19 17:30:00,185.257,186.21457
2013-05-19 18:00:00,191.989,188.83806
2013-05-19 18:30:00,189.507,186.68932
2013-05-19 19:00:00,187.767,182.57016
2013-05-19 19:30:00,176.25,174.69357
2013-05-19 20:00:00,168.318,177.72379
2013-05-19 20:30:00,168.263,163.5107
2013-05-19 21:00:00,154.043,152.93849
2013-05-19 21:30:00,144.535,148.40381
2013-05-19 22:00:00,144.59,144.45703
2013-05-19 22:30:00,142.611,141.49393
2013-05-19 23:00:00,134.785,137.58122
2013-05-19 23:30:00,168.253,150.37938
2013-05-20 00:00:00,168.467,164.81482
2013-05-20 00:30:00,150.175,151.33258
2013-05-20 01:00:00,126.152,127.17024
2013-05-20 01:30:00,105.397,105.70073
2013-05-20 02:00:00,80.713,84.92213
2013-05-20 02:30:00,78.071,74.810425
2013-05-20 03:00:00,73.148,71.3773
2013-05-20 03:30:00,60.26,71.37361
2013-05-20 04:00:00,61.343,71.23824
2013-05-20 04:30:00,65.736,72.90599
2013-05-20 05:00:00,74.972,76.0459
2013-05-20 05:30:00,81.455,77.02439
2013-05-20 06:00:00,110.968,87.4786
2013-05-20 06:30:00,140.702,111.00834
2013-05-20 07:00:00,145.669,129.78424
2013-05-20 07:30:00,147.786,137.74208
2013-05-20 08:00:00,123.777,138.56186
2013-05-20 08:30:00,114.97,120.06176
2013-05-20 09:00:00,105.073,103.686714
2013-05-20 09:30:00,93.701,100.83638
2013-05-20 10:00:00,99.106,93.661545
2013-05-20 10:30:00,91.058,85.49724
2013-05-20 11:00:00,88.586,93.25938
2013-05-20 11:30:00,82.972,89.9307
2013-05-20 12:00:00,78.998,86.50291
2013-05-20 12:30:00,78.453,82.49765
2013-05-20 13:00:00,80.149,77.48504
2013-05-20 13:30:00,75.715,77.87649
2013-05-20 14:00:00,73.922,78.12124
2013-05-20 14:30:00,73.46,75.30581
2013-05-20 15:00:00,72.421,77.97621
2013-05-20 15:30:00,78.225,83.86143
2013-05-20 16:00:00,93.666,89.6586
2013-05-20 16:30:00,124.637,104.30231
2013-05-20 17:00:00,164.606,139.61882
2013-05-20 17:30:00,201.154,172.95949
2013-05-20 18:00:00,203.869,187.81783
2013-05-20 18:30:00,194.238,198.68822
2013-05-20 19:00:00,190.646,192.71925
2013-05-20 19:30:00,187.796,187.66826
2013-05-20 20:00:00,179.549,185.61166
2013-05-20 20:30:00,172.255,181.78517
2013-05-20 21:00:00,159.302,162.78854
2013-05-20 21:30:00,147.196,153.28725
2013-05-20 22:00:00,149.949,151.67291
2013-05-20 22:30:00,142.095,141.65175
2013-05-20 23:00:00,154.779,139.30235
2013-05-20 23:30:00,165.786,151.84775
2013-05-21 00:00:00,175.563,173.95705
2013-05-21 00:30:00,147.956,147.66612
2013-05-21 01:00:00,127.433,133.0269
2013-05-21 01:30:00,103.072,109.64945
2013-05-21 02:00:00,83.38,85.64357
2013-05-21 02:30:00,72.736,73.88419
2013-05-21 03:00:00,67.181,72.70181
2013-05-21 03:30:00,66.236,69.669785
2013-05-21 04:00:00,68.063,69.45749
2013-05-21 04:30:00,67.30799999999999,72.01046
2013-05-21 05:00:00,80.485,73.77355
2013-05-21 05:30:00,83.64,78.77061
2013-05-21 06:00:00,100.465,99.48016
2013-05-21 06:30:00,135.97,118.91798
2013-05-21 07:00:00,139.736,123.53273
2013-05-21 07:30:00,145.702,137.2149
2013-05-21 08:00:00,126.224,133.31464
2013-05-21 08:30:00,108.299,124.925385
2013-05-21 09:00:00,96.457,104.92592
2013-05-21 09:30:00,90.964,93.32278
2013-05-21 10:00:00,83.513,85.98648
2013-05-21 10:30:00,86.914,85.17907
2013-05-21 11:00:00,75.681,82.80339
2013-05-21 11:30:00,80.481,85.83735
2013-05-21 12:00:00,75.595,80.134605
2013-05-21 12:30:00,75.967,80.72801
2013-05-21 13:00:00,67.06099999999999,77.110085
2013-05-21 13:30:00,71.403,74.97322
2013-05-21 14:00:00,71.136,71.908104
2013-05-21 14:30:00,74.324,71.687904
2013-05-21 15:00:00,72.505,73.8469
2013-05-21 15:30:00,78.529,81.89207
2013-05-21 16:00:00,83.69,85.67788
2013-05-21 16:30:00,105.594,99.77803
2013-05-21 17:00:00,137.772,130.37776
2013-05-21 17:30:00,160.306,161.45796
2013-05-21 18:00:00,166.036,179.7304
2013-05-21 18:30:00,165.832,177.33293
2013-05-21 19:00:00,164.879,162.09743
2013-05-21 19:30:00,165.225,159.5629
2013-05-21 20:00:00,164.324,159.82318
2013-05-21 20:30:00,156.876,158.54933
2013-05-21 21:00:00,151.133,153.3479
2013-05-21 21:30:00,146.593,147.8442
2013-05-21 22:00:00,157.114,146.23524
2013-05-21 22:30:00,140.361,143.26357
2013-05-21 23:00:00,149.053,144.15013
2013-05-21 23:30:00,183.132,156.06773
2013-05-22 00:00:00,173.758,170.89348
2013-05-22 00:30:00,146.01,151.61201
2013-05-22 01:00:00,122.808,130.14961
2013-05-22 01:30:00,111.835,110.098045
2013-05-22 02:00:00,94.89,85.401596
2013-05-22 02:30:00,76.565,73.9734
2013-05-22 03:00:00,67.545,69.595116
2013-05-22 03:30:00,70.881,68.192
2013-05-22 04:00:00,70.48,68.372826
2013-05-22 04:30:00,71.089,70.68699
2013-05-22 05:00:00,84.065,73.92936
2013-05-22 05:30:00,86.143,81.63319
2013-05-22 06:00:00,116.606,107.64163
2013-05-22 06:30:00,138.401,124.741196
2013-05-22 07:00:00,140.27,131.30998
2013-05-22 07:30:00,149.33,130.62003
2013-05-22 08:00:00,125.642,128.45834
2013-05-22 08:30:00,114.729,119.26973
2013-05-22 09:00:00,105.822,103.94486
2013-05-22 09:30:00,93.051,97.051994
2013-05-22 10:00:00,95.371,93.97966
2013-05-22 10:30:00,92.735,85.259674
2013-05-22 11:00:00,94.512,90.3691
2013-05-22 11:30:00,89.537,90.13288
2013-05-22 12:00:00,91.839,91.75594
2013-05-22 12:30:00,98.094,87.14731
2013-05-22 13:00:00,102.756,88.63255
2013-05-22 13:30:00,101.731,95.08323
2013-05-22 14:00:00,92.23,99.45032
2013-05-22 14:30:00,89.992,99.10535
2013-05-22 15:00:00,107.329,92.12065
2013-05-22 15:30:00,114.042,97.814316
2013-05-22 16:00:00,132.473,117.9713
2013-05-22 16:30:00,151.269,135.10338
2013-05-22 17:00:00,173.84,160.16895
2013-05-22 17:30:00,204.11,184.36
2013-05-22 18:00:00,213.164,191.14534
2013-05-22 18:30:00,212.87,205.55289
2013-05-22 19:00:00,199.219,204.48058
2013-05-22 19:30:00,192.538,196.78418
2013-05-22 20:00:00,187.022,195.39713
2013-05-22 20:30:00,175.935,187.54628
2013-05-22 21:00:00,160.22,174.53355
2013-05-22 21:30:00,152.371,162.21188
2013-05-22 22:00:00,155.194,157.78171
2013-05-22 22:30:00,143.904,146.68665
2013-05-22 23:00:00,159.514,144.50516
2013-05-22 23:30:00,178.663,159.59586
2013-05-23 00:00:00,186.746,179.7055
2013-05-23 00:30:00,162.136,156.17749
2013-05-23 01:00:00,137.118,140.83464
2013-05-23 01:30:00,116.959,118.25649
2013-05-23 02:00:00,98.172,95.581314
2013-05-23 02:30:00,75.595,79.11261
2013-05-23 03:00:00,73.333,71.15667
2013-05-23 03:30:00,73.457,72.08028
2013-05-23 04:00:00,72.426,72.15074
2013-05-23 04:30:00,65.51,74.65224
2013-05-23 05:00:00,79.876,77.24953
2013-05-23 05:30:00,84.928,85.95812
2013-05-23 06:00:00,109.603,99.81725
2013-05-23 06:30:00,143.077,129.98036
2013-05-23 07:00:00,139.191,133.10268
2013-05-23 07:30:00,147.312,145.2525
2013-05-23 08:00:00,137.816,135.8665
2013-05-23 08:30:00,127.407,120.16267
2013-05-23 09:00:00,116.259,108.29953
2013-05-23 09:30:00,108.032,102.53866
2013-05-23 10:00:00,107.89,106.70264
2013-05-23 10:30:00,104.789,98.567
2013-05-23 11:00:00,100.076,101.243515
2013-05-23 11:30:00,105.922,101.2133
2013-05-23 12:00:00,104.179,97.92765
2013-05-23 12:30:00,105.242,101.0905
2013-05-23 13:00:00,109.66,97.06686
2013-05-23 13:30:00,112.31,98.32751
2013-05-23 14:00:00,109.869,103.820694
2013-05-23 14:30:00,108.959,111.52196
2013-05-23 15:00:00,111.214,114.04977
2013-05-23 15:30:00,116.993,117.35696
2013-05-23 16:00:00,142.019,124.572205
2013-05-23 16:30:00,160.736,140.94214
2013-05-23 17:00:00,184.169,173.94855
2013-05-23 17:30:00,201.295,199.70192
2013-05-23 18:00:00,192.22,201.72638
2013-05-23 18:30:00,189.227,199.37694
2013-05-23 19:00:00,183.928,186.83289
2013-05-23 19:30:00,172.571,177.92863
2013-05-23 20:00:00,175.35,177.84238
2013-05-23 20:30:00,160.171,166.16469
2013-05-23 21:00:00,160.207,163.74031
2013-05-23 21:30:00,156.684,153.93602
2013-05-23 22:00:00,152.033,155.62694
2013-05-23 22:30:00,136.851,150.11278
2013-05-23 23:00:00,147.65,141.27267
2013-05-23 23:30:00,176.164,158.05391
2013-05-24 00:00:00,190.358,178.20168
2013-05-24 00:30:00,181.013,157.18427
2013-05-24 01:00:00,144.569,142.74007
2013-05-24 01:30:00,125.145,132.60307
2013-05-24 02:00:00,107.693,102.07996
2013-05-24 02:30:00,83.016,84.431755
2013-05-24 03:00:00,78.31400000000001,80.69293
2013-05-24 03:30:00,71.709,74.26671
2013-05-24 04:00:00,70.336,74.2091
2013-05-24 04:30:00,65.81099999999999,75.8891
2013-05-24 05:00:00,72.838,78.32547
2013-05-24 05:30:00,87.9,82.38979
2013-05-24 06:00:00,100.587,94.43417
2013-05-24 06:30:00,134.755,123.08978
2013-05-24 07:00:00,140.576,127.746544
2013-05-24 07:30:00,132.173,139.28195
2013-05-24 08:00:00,125.241,141.23994
2013-05-24 08:30:00,127.043,118.44826
2013-05-24 09:00:00,115.927,108.32855
2013-05-24 09:30:00,100.635,106.31993
2013-05-24 10:00:00,95.745,107.40107
2013-05-24 10:30:00,92.246,95.663994
2013-05-24 11:00:00,96.507,93.15062
2013-05-24 11:30:00,93.745,91.17335
2013-05-24 12:00:00,87.168,93.82747
2013-05-24 12:30:00,92.152,92.54942
2013-05-24 13:00:00,94.175,87.11725
2013-05-24 13:30:00,87.097,91.10644
2013-05-24 14:00:00,81.99,91.90791
2013-05-24 14:30:00,81.433,86.39235
2013-05-24 15:00:00,78.471,87.694855
2013-05-24 15:30:00,92.112,90.56361
2013-05-24 16:00:00,105.802,94.243324
2013-05-24 16:30:00,127.876,127.019005
2013-05-24 17:00:00,163.691,152.32396
2013-05-24 17:30:00,190.307,179.23528
2013-05-24 18:00:00,195.158,199.958
2013-05-24 18:30:00,189.015,193.40187
2013-05-24 19:00:00,179.964,187.29184
2013-05-24 19:30:00,169.403,180.07306
2013-05-24 20:00:00,169.052,171.42168
2013-05-24 20:30:00,158.956,164.29872
2013-05-24 21:00:00,141.502,156.73088
2013-05-24 21:30:00,142.82,153.22899
2013-05-24 22:00:00,152.569,150.95027
2013-05-24 22:30:00,145.291,142.30446
2013-05-24 23:00:00,153.062,143.38974
2013-05-24 23:30:00,174.905,160.95642
2013-05-25 00:00:00,184.406,178.48369
2013-05-25 00:30:00,157.248,159.60968
2013-05-25 01:00:00,134.953,147.51694
2013-05-25 01:30:00,109.058,116.71126
2013-05-25 02:00:00,93.86,99.408775
2013-05-25 02:30:00,86.616,81.55327
2013-05-25 03:00:00,77.909,73.49341
2013-05-25 03:30:00,67.427,75.02384
2013-05-25 04:00:00,65.565,73.31099
2013-05-25 04:30:00,70.454,74.23346
2013-05-25 05:00:00,73.821,74.526665
2013-05-25 05:30:00,79.89,76.99113
2013-05-25 06:00:00,92.134,84.00263
2013-05-25 06:30:00,109.184,102.33841
2013-05-25 07:00:00,109.453,111.70741
2013-05-25 07:30:00,113.892,123.97669
2013-05-25 08:00:00,117.602,123.90145
2013-05-25 08:30:00,128.064,127.52893
2013-05-25 09:00:00,116.175,116.5782
2013-05-25 09:30:00,121.004,120.14297
2013-05-25 10:00:00,112.96,109.825325
2013-05-25 10:30:00,114.131,116.06885
2013-05-25 11:00:00,121.283,110.526695
2013-05-25 11:30:00,111.377,112.2102
2013-05-25 12:00:00,106.613,121.05634
2013-05-25 12:30:00,99.741,112.63757
2013-05-25 13:00:00,101.131,102.473404
2013-05-25 13:30:00,92.239,96.47535
2013-05-25 14:00:00,89.569,97.16298
2013-05-25 14:30:00,90.509,93.60246
2013-05-25 15:00:00,95.312,92.1929
2013-05-25 15:30:00,102.004,96.06629
2013-05-25 16:00:00,105.892,109.30117
2013-05-25 16:30:00,126.262,128.69054
2013-05-25 17:00:00,163.027,150.43268
2013-05-25 17:30:00,183.239,184.32542
2013-05-25 18:00:00,192.071,193.48491
2013-05-25 18:30:00,173.096,189.30939
2013-05-25 19:00:00,163.622,183.75996
2013-05-25 19:30:00,160.529,160.08138
2013-05-25 20:00:00,158.744,158.08498
2013-05-25 20:30:00,142.821,152.37012
2013-05-25 21:00:00,141.653,149.0867
2013-05-25 21:30:00,138.828,140.29677
2013-05-25 22:00:00,148.759,146.0354
2013-05-25 22:30:00,135.104,143.67426
2013-05-25 23:00:00,142.947,141.34886
2013-05-25 23:30:00,169.419,158.4961
2013-05-26 00:00:00,182.226,173.78014
2013-05-26 00:30:00,151.283,159.37393
2013-05-26 01:00:00,136.173,140.91821
2013-05-26 01:30:00,109.033,116.09557
2013-05-26 02:00:00,87.939,94.73558
2013-05-26 02:30:00,72.004,78.327385
2013-05-26 03:00:00,65.072,76.25921
2013-05-26 03:30:00,68.834,71.13869
2013-05-26 04:00:00,65.106,69.52934
2013-05-26 04:30:00,73.09,71.19032
2013-05-26 05:00:00,75.176,71.69959
2013-05-26 05:30:00,77.452,77.07793
2013-05-26 06:00:00,79.333,86.87791
2013-05-26 06:30:00,94.782,97.435555
2013-05-26 07:00:00,113.956,106.47478
2013-05-26 07:30:00,126.642,113.41477
2013-05-26 08:00:00,126.594,121.542625
2013-05-26 08:30:00,131.589,130.63635
2013-05-26 09:00:00,127.332,128.82204
2013-05-26 09:30:00,128.957,123.22632
2013-05-26 10:00:00,121.947,114.18876
2013-05-26 10:30:00,116.721,113.52304
2013-05-26 11:00:00,102.985,112.34383
2013-05-26 11:30:00,101.725,111.39568
2013-05-26 12:00:00,99.25,100.93576
2013-05-26 12:30:00,110.932,99.52395
2013-05-26 13:00:00,105.126,96.790146
2013-05-26 13:30:00,100.275,107.9198
2013-05-26 14:00:00,91.326,100.94257
2013-05-26 14:30:00,91.155,96.8
2013-05-26 15:00:00,88.699,94.6366
2013-05-26 15:30:00,93.317,101.13889
2013-05-26 16:00:00,108.647,106.89371
2013-05-26 16:30:00,137.429,119.88461
2013-05-26 17:00:00,170.483,151.94933
2013-05-26 17:30:00,191.58,189.29176
2013-05-26 18:00:00,192.945,188.84392
2013-05-26 18:30:00,187.92,195.86247
2013-05-26 19:00:00,177.595,185.95186
2013-05-26 19:30:00,164.961,176.83617
2013-05-26 20:00:00,170.307,170.12509
2013-05-26 20:30:00,165.989,158.87294
2013-05-26 21:00:00,149.265,154.62839
2013-05-26 21:30:00,145.11,150.53957
2013-05-26 22:00:00,143.782,147.21082
2013-05-26 22:30:00,139.824,143.82782
2013-05-26 23:00:00,152.7,139.83022
2013-05-26 23:30:00,175.609,150.7711
2013-05-27 00:00:00,172.767,174.12453
2013-05-27 00:30:00,142.207,156.0708
2013-05-27 01:00:00,122.318,132.94453
2013-05-27 01:30:00,98.201,107.0235
2013-05-27 02:00:00,81.33,82.79379
2013-05-27 02:30:00,80.186,71.12354
2013-05-27 03:00:00,76.133,70.17482
2013-05-27 03:30:00,70.139,71.05733
2013-05-27 04:00:00,68.33,71.6463
2013-05-27 04:30:00,74.576,73.44391
2013-05-27 05:00:00,75.41,76.92363
2013-05-27 05:30:00,87.105,84.276146
2013-05-27 06:00:00,110.717,93.7533
2013-05-27 06:30:00,147.102,121.79783
2013-05-27 07:00:00,146.933,134.9713
2013-05-27 07:30:00,148.303,143.02263
2013-05-27 08:00:00,146.092,140.15138
2013-05-27 08:30:00,133.31,120.402336
2013-05-27 09:00:00,109.951,113.04763
2013-05-27 09:30:00,112.433,105.2797
2013-05-27 10:00:00,103.024,96.77561
2013-05-27 10:30:00,91.431,101.47941
2013-05-27 11:00:00,97.592,95.9245
2013-05-27 11:30:00,87.484,88.60416
2013-05-27 12:00:00,91.173,93.673836
2013-05-27 12:30:00,95.792,84.09944
2013-05-27 13:00:00,91.369,88.5941
2013-05-27 13:30:00,93.269,90.551735
2013-05-27 14:00:00,86.881,87.75058
2013-05-27 14:30:00,87.164,87.63823
2013-05-27 15:00:00,91.483,88.656555
2013-05-27 15:30:00,98.012,94.35967
2013-05-27 16:00:00,108.519,102.90976
2013-05-27 16:30:00,134.015,123.34348
2013-05-27 17:00:00,179.161,152.03351
2013-05-27 17:30:00,201.857,191.73734
2013-05-27 18:00:00,196.797,192.79465
2013-05-27 18:30:00,194.78,198.40004
2013-05-27 19:00:00,196.917,189.4683
2013-05-27 19:30:00,177.88,185.09937
2013-05-27 20:00:00,180.194,190.4478
2013-05-27 20:30:00,184.22,175.75995
2013-05-27 21:00:00,166.899,164.70609
2013-05-27 21:30:00,151.422,162.3739
2013-05-27 22:00:00,157.624,158.69019
2013-05-27 22:30:00,133.975,144.42697
2013-05-27 23:00:00,152.851,145.64532
2013-05-27 23:30:00,166.82,159.60341
2013-05-28 00:00:00,183.771,177.74657
2013-05-28 00:30:00,161.158,154.02122
2013-05-28 01:00:00,146.693,137.91069
2013-05-28 01:30:00,121.853,116.31511
2013-05-28 02:00:00,94.312,103.35183
2013-05-28 02:30:00,69.356,80.75996
2013-05-28 03:00:00,63.196,71.7553
2013-05-28 03:30:00,63.972,71.50644
2013-05-28 04:00:00,61.75,70.92414
2013-05-28 04:30:00,65.26,73.40342
2013-05-28 05:00:00,75.255,77.76345
2013-05-28 05:30:00,82.702,86.389534
2013-05-28 06:00:00,97.015,100.53345
2013-05-28 06:30:00,126.42,122.61727
2013-05-28 07:00:00,131.665,124.84196
2013-05-28 07:30:00,130.831,133.31073
2013-05-28 08:00:00,110.787,133.35655
2013-05-28 08:30:00,100.824,121.44399
2013-05-28 09:00:00,105.287,98.90289
2013-05-28 09:30:00,97.017,89.33232
2013-05-28 10:00:00,100.824,93.08736
2013-05-28 10:30:00,100.776,90.640366
2013-05-28 11:00:00,101.574,94.7218
2013-05-28 11:30:00,99.106,95.80397
2013-05-28 12:00:00,95.537,100.06611
2013-05-28 12:30:00,95.586,95.42407
2013-05-28 13:00:00,87.799,89.27838
2013-05-28 13:30:00,91.103,90.7924
2013-05-28 14:00:00,81.809,82.95384
2013-05-28 14:30:00,79.704,86.87902
2013-05-28 15:00:00,88.361,83.52795
2013-05-28 15:30:00,101.182,87.673836
2013-05-28 16:00:00,112.693,99.39157
2013-05-28 16:30:00,125.694,124.89845
2013-05-28 17:00:00,155.571,154.6217
2013-05-28 17:30:00,183.57,183.01027
2013-05-28 18:00:00,183.17,198.05644
2013-05-28 18:30:00,175.061,191.72455
2013-05-28 19:00:00,167.285,170.18456
2013-05-28 19:30:00,160.789,162.71468
2013-05-28 20:00:00,167.018,164.27182
2013-05-28 20:30:00,148.237,158.5294
2013-05-28 21:00:00,141.013,158.3351
2013-05-28 21:30:00,136.659,145.90121
2013-05-28 22:00:00,149.009,145.58217
2013-05-28 22:30:00,136.305,138.35063
2013-05-28 23:00:00,142.026,138.19568
2013-05-28 23:30:00,165.017,156.17523
2013-05-29 00:00:00,187.775,172.18379
2013-05-29 00:30:00,153.764,158.0805
2013-05-29 01:00:00,131.017,144.24811
2013-05-29 01:30:00,110.959,116.41679
2013-05-29 02:00:00,86.467,93.41694
2013-05-29 02:30:00,68.936,75.02531
2013-05-29 03:00:00,70.68,69.45617
2013-05-29 03:30:00,66.569,68.50213
2013-05-29 04:00:00,66.819,70.14368
2013-05-29 04:30:00,71.973,72.72695
2013-05-29 05:00:00,81.7,74.87826
2013-05-29 05:30:00,83.011,85.56225
2013-05-29 06:00:00,100.432,110.51188
2013-05-29 06:30:00,136.136,122.123436
2013-05-29 07:00:00,136.692,128.38405
2013-05-29 07:30:00,132.114,131.90767
2013-05-29 08:00:00,116.506,127.018906
2013-05-29 08:30:00,100.472,110.61111
2013-05-29 09:00:00,101.766,98.63511
2013-05-29 09:30:00,90.604,90.86831
2013-05-29 10:00:00,87.344,88.26004
2013-05-29 10:30:00,83.7,85.388016
2013-05-29 11:00:00,83.737,86.454
2013-05-29 11:30:00,75.312,83.6046
2013-05-29 12:00:00,79.562,82.83817
2013-05-29 12:30:00,78.811,80.42905
2013-05-29 13:00:00,74.573,81.179825
2013-05-29 13:30:00,76.59,80.85414
2013-05-29 14:00:00,67.176,77.799225
2013-05-29 14:30:00,63.678,76.9995
2013-05-29 15:00:00,66.842,76.91893
2013-05-29 15:30:00,78.465,81.20183
2013-05-29 16:00:00,91.546,90.33722
2013-05-29 16:30:00,104.172,111.16088
2013-05-29 17:00:00,137.294,140.40266
2013-05-29 17:30:00,163.481,160.49503
2013-05-29 18:00:00,161.555,179.41472
2013-05-29 18:30:00,164.226,173.93199
2013-05-29 19:00:00,151.196,161.97879
2013-05-29 19:30:00,145.63,156.01811
2013-05-29 20:00:00,156.642,150.27124
2013-05-29 20:30:00,138.586,150.41225
2013-05-29 21:00:00,126.031,150.83415
2013-05-29 21:30:00,133.058,139.7315
2013-05-29 22:00:00,139.688,135.86725
2013-05-29 22:30:00,133.745,134.12215
2013-05-29 23:00:00,145.594,133.06163
2013-05-29 23:30:00,160.441,156.03949
2013-05-30 00:00:00,173.402,168.9179
2013-05-30 00:30:00,156.696,150.56612
2013-05-30 01:00:00,129.151,132.29149
2013-05-30 01:30:00,110.088,114.294334
2013-05-30 02:00:00,95.501,85.7588
2013-05-30 02:30:00,65.673,74.59418
2013-05-30 03:00:00,66.366,67.58053
2013-05-30 03:30:00,66.677,68.91936
2013-05-30 04:00:00,63.398,69.20817
2013-05-30 04:30:00,61.27,71.84892
2013-05-30 05:00:00,74.665,73.94034
2013-05-30 05:30:00,88.37,90.85975
2013-05-30 06:00:00,117.869,98.30895
2013-05-30 06:30:00,134.452,131.98596
2013-05-30 07:00:00,128.623,129.11629
2013-05-30 07:30:00,131.875,128.22261
2013-05-30 08:00:00,120.095,123.12302
2013-05-30 08:30:00,105.627,109.34993
2013-05-30 09:00:00,87.616,100.33993
2013-05-30 09:30:00,86.325,92.877014
2013-05-30 10:00:00,85.08,78.16538
2013-05-30 10:30:00,74.176,82.359344
2013-05-30 11:00:00,80.646,84.86433
2013-05-30 11:30:00,75.474,82.08773
2013-05-30 12:00:00,74.461,83.1732
2013-05-30 12:30:00,73.76,81.695335
2013-05-30 13:00:00,73.928,80.11983
2013-05-30 13:30:00,77.769,80.32807
2013-05-30 14:00:00,66.625,77.468216
2013-05-30 14:30:00,69.107,79.68232
2013-05-30 15:00:00,64.92,78.4676
2013-05-30 15:30:00,75.127,81.93924
2013-05-30 16:00:00,95.53,86.18375
2013-05-30 16:30:00,104.339,103.549225
2013-05-30 17:00:00,134.641,136.62482
2013-05-30 17:30:00,146.903,157.05585
2013-05-30 18:00:00,153.253,171.70915
2013-05-30 18:30:00,155.647,164.34425
2013-05-30 19:00:00,163.857,156.41154
2013-05-30 19:30:00,152.018,151.5675
2013-05-30 20:00:00,151.235,156.74179
2013-05-30 20:30:00,146.918,149.11765
2013-05-30 21:00:00,130.694,144.90569
2013-05-30 21:30:00,135.638,142.39331
2013-05-30 22:00:00,148.009,139.40768
2013-05-30 22:30:00,132.619,136.39401
2013-05-30 23:00:00,141.715,139.93556
2013-05-30 23:30:00,161.483,157.65816
2013-05-31 00:00:00,167.972,164.93541
2013-05-31 00:30:00,148.21099999999998,147.8252
2013-05-31 01:00:00,127.877,133.56395
2013-05-31 01:30:00,101.766,107.17751
2013-05-31 02:00:00,81.156,87.85683
2013-05-31 02:30:00,78.076,74.86741
2013-05-31 03:00:00,68.111,68.86742
2013-05-31 03:30:00,64.782,69.94397
2013-05-31 04:00:00,60.027,71.01096
2013-05-31 04:30:00,66.255,73.03996
2013-05-31 05:00:00,75.489,74.89011
2013-05-31 05:30:00,85.32,82.993
2013-05-31 06:00:00,108.092,103.6056
2013-05-31 06:30:00,130.707,136.09431
2013-05-31 07:00:00,123.058,128.21463
2013-05-31 07:30:00,126.9,127.26455
2013-05-31 08:00:00,116.918,117.27982
2013-05-31 08:30:00,96.932,111.41537
2013-05-31 09:00:00,88.649,102.040886
2013-05-31 09:30:00,83.43,91.422676
2013-05-31 10:00:00,83.965,83.7744
2013-05-31 10:30:00,87.082,85.60122
2013-05-31 11:00:00,79.794,85.82999
2013-05-31 11:30:00,80.615,90.266304
2013-05-31 12:00:00,77.159,86.04517
2013-05-31 12:30:00,73.202,84.890785
2013-05-31 13:00:00,77.229,82.88807
2013-05-31 13:30:00,70.315,82.37672
2013-05-31 14:00:00,69.816,79.05382
2013-05-31 14:30:00,67.343,75.43519
2013-05-31 15:00:00,70.071,77.30986
2013-05-31 15:30:00,73.342,81.469154
2013-05-31 16:00:00,79.718,90.86642
2013-05-31 16:30:00,96.405,106.38945
2013-05-31 17:00:00,128.889,123.151535
2013-05-31 17:30:00,149.576,155.87978
2013-05-31 18:00:00,155.412,174.16856
2013-05-31 18:30:00,149.025,164.68253
2013-05-31 19:00:00,142.732,159.77559
2013-05-31 19:30:00,132.504,156.24551
2013-05-31 20:00:00,130.326,152.54102
2013-05-31 20:30:00,124.177,143.54486
2013-05-31 21:00:00,116.486,134.62202
2013-05-31 21:30:00,116.986,123.02006
2013-05-31 22:00:00,128.296,125.169655
2013-05-31 22:30:00,123.983,128.96906
2013-05-31 23:00:00,139.516,129.0888
2013-05-31 23:30:00,167.502,154.48592
2013-06-01 00:00:00,167.424,160.3884
2013-06-01 00:30:00,137.244,146.88199
2013-06-01 01:00:00,119.577,131.67018
2013-06-01 01:30:00,97.214,110.11268
2013-06-01 02:00:00,81.99,83.992035
2013-06-01 02:30:00,62.567,68.62105
2013-06-01 03:00:00,58.335,68.885704
2013-06-01 03:30:00,58.546,64.5002
2013-06-01 04:00:00,61.606,64.90188
2013-06-01 04:30:00,60.602,65.95337
2013-06-01 05:00:00,67.265,65.99936
2013-06-01 05:30:00,69.134,72.93386
2013-06-01 06:00:00,78.478,85.74628
2013-06-01 06:30:00,89.454,99.55665
2013-06-01 07:00:00,99.182,112.74032
2013-06-01 07:30:00,105.459,117.95847
2013-06-01 08:00:00,119.908,117.00445
2013-06-01 08:30:00,112.753,115.337746
2013-06-01 09:00:00,119.324,112.87319
2013-06-01 09:30:00,112.328,107.717316
2013-06-01 10:00:00,114.998,110.1461
2013-06-01 10:30:00,109.034,105.90904
2013-06-01 11:00:00,112.843,111.56231
2013-06-01 11:30:00,105.029,104.9288
2013-06-01 12:00:00,106.874,111.05946
2013-06-01 12:30:00,110.471,102.52528
2013-06-01 13:00:00,103.867,104.042885
2013-06-01 13:30:00,95.639,108.64635
2013-06-01 14:00:00,99.561,98.1384
2013-06-01 14:30:00,95.895,91.04901
2013-06-01 15:00:00,107.312,99.72626
2013-06-01 15:30:00,107.908,102.65876
2013-06-01 16:00:00,122.595,118.271774
2013-06-01 16:30:00,129.635,125.65863
2013-06-01 17:00:00,146.975,146.68439
2013-06-01 17:30:00,169.425,166.59494
2013-06-01 18:00:00,175.718,182.0589
2013-06-01 18:30:00,168.822,170.30334
2013-06-01 19:00:00,160.336,167.7965
2013-06-01 19:30:00,144.59,157.75948
2013-06-01 20:00:00,145.01,156.7531
2013-06-01 20:30:00,139.482,145.38956
2013-06-01 21:00:00,128.894,141.72417
2013-06-01 21:30:00,130.457,133.13554
2013-06-01 22:00:00,135.126,131.9629
2013-06-01 22:30:00,128.806,127.652695
2013-06-01 23:00:00,145.965,132.59656
2013-06-01 23:30:00,169.767,145.85716
2013-06-02 00:00:00,165.452,170.76418
2013-06-02 00:30:00,145.537,151.88486
2013-06-02 01:00:00,125.885,130.71213
2013-06-02 01:30:00,100.07,113.81959
2013-06-02 02:00:00,88.938,87.92924
2013-06-02 02:30:00,77.675,72.49222
2013-06-02 03:00:00,70.528,69.485466
2013-06-02 03:30:00,64.587,68.175606
2013-06-02 04:00:00,66.176,67.95962
2013-06-02 04:30:00,65.554,68.38441
2013-06-02 05:00:00,68.885,68.1612
2013-06-02 05:30:00,67.408,73.43801
2013-06-02 06:00:00,73.446,77.42443
2013-06-02 06:30:00,81.244,84.85479
2013-06-02 07:00:00,93.662,96.56456
2013-06-02 07:30:00,104.288,107.26264
2013-06-02 08:00:00,117.697,108.29366
2013-06-02 08:30:00,125.013,116.18907
2013-06-02 09:00:00,130.497,122.10888
2013-06-02 09:30:00,130.219,123.88282
2013-06-02 10:00:00,142.884,128.11922
2013-06-02 10:30:00,140.766,119.76184
2013-06-02 11:00:00,143.304,133.40157
2013-06-02 11:30:00,151.952,132.96149
2013-06-02 12:00:00,160.404,150.39182
2013-06-02 12:30:00,158.385,150.991
2013-06-02 13:00:00,159.523,157.25687
2013-06-02 13:30:00,169.442,153.745
2013-06-02 14:00:00,162.496,157.47885
2013-06-02 14:30:00,147.923,165.43246
2013-06-02 15:00:00,140.626,164.09323
2013-06-02 15:30:00,140.467,154.20265
2013-06-02 16:00:00,152.848,154.88779
2013-06-02 16:30:00,178.535,153.59996
2013-06-02 17:00:00,220.356,176.34436
2013-06-02 17:30:00,250.695,196.87534
2013-06-02 18:00:00,232.508,218.95856
2013-06-02 18:30:00,217.028,234.41078
2013-06-02 19:00:00,195.437,222.11563
2013-06-02 19:30:00,199.469,197.7734
2013-06-02 20:00:00,202.482,189.2431
2013-06-02 20:30:00,183.536,190.85582
2013-06-02 21:00:00,167.441,178.41441
2013-06-02 21:30:00,163.588,161.13213
2013-06-02 22:00:00,167.7,160.32085
2013-06-02 22:30:00,150.694,147.19301
2013-06-02 23:00:00,144.828,148.03598
2013-06-02 23:30:00,184.335,155.54408
2013-06-03 00:00:00,179.2,174.5162
2013-06-03 00:30:00,165.771,150.66087
2013-06-03 01:00:00,146.751,137.34941
2013-06-03 01:30:00,123.83,123.820175
2013-06-03 02:00:00,99.354,104.360306
2013-06-03 02:30:00,87.225,84.533615
2013-06-03 03:00:00,76.813,74.890686
2013-06-03 03:30:00,63.042,72.45327
2013-06-03 04:00:00,72.816,74.664116
2013-06-03 04:30:00,72.44,76.98058
2013-06-03 05:00:00,79.82900000000001,80.056145
2013-06-03 05:30:00,96.902,83.187416
2013-06-03 06:00:00,113.518,101.28056
2013-06-03 06:30:00,154.187,135.82959
2013-06-03 07:00:00,148.319,144.80725
2013-06-03 07:30:00,149.724,163.54572
2013-06-03 08:00:00,140.838,153.59685
2013-06-03 08:30:00,123.674,132.89432
2013-06-03 09:00:00,115.535,117.07127
2013-06-03 09:30:00,104.762,104.145546
2013-06-03 10:00:00,98.432,100.047806
2013-06-03 10:30:00,103.903,96.75599
2013-06-03 11:00:00,101.452,95.830696
2013-06-03 11:30:00,88.981,98.40715
2013-06-03 12:00:00,91.97,98.14295
2013-06-03 12:30:00,87.833,86.62141
2013-06-03 13:00:00,86.97,93.77133
2013-06-03 13:30:00,85.453,85.52053
2013-06-03 14:00:00,77.542,82.11768
2013-06-03 14:30:00,77.723,81.12074
2013-06-03 15:00:00,75.844,79.97833
2013-06-03 15:30:00,76.264,85.46642
2013-06-03 16:00:00,88.791,98.1187
2013-06-03 16:30:00,115.277,113.53145
2013-06-03 17:00:00,158.338,140.75847
2013-06-03 17:30:00,201.042,190.22488
2013-06-03 18:00:00,213.815,206.21548
2013-06-03 18:30:00,201.629,204.98602
2013-06-03 19:00:00,197.995,202.36905
2013-06-03 19:30:00,189.678,195.59436
2013-06-03 20:00:00,194.589,197.86327
2013-06-03 20:30:00,175.85399999999998,184.91571
2013-06-03 21:00:00,166.745,176.78226
2013-06-03 21:30:00,163.157,160.66037
2013-06-03 22:00:00,157.751,157.29158
2013-06-03 22:30:00,141.675,145.92776
2013-06-03 23:00:00,158.411,145.9516
2013-06-03 23:30:00,171.285,155.60532
2013-06-04 00:00:00,200.037,182.0816
2013-06-04 00:30:00,174.422,156.60571
2013-06-04 01:00:00,149.06900000000002,150.19145
2013-06-04 01:30:00,126.5,132.78719
2013-06-04 02:00:00,106.829,102.114685
2013-06-04 02:30:00,82.801,80.78939
2013-06-04 03:00:00,78.785,77.72619
2013-06-04 03:30:00,73.376,73.7945
2013-06-04 04:00:00,69.051,73.41014
2013-06-04 04:30:00,74.294,75.97651
2013-06-04 05:00:00,84.266,77.67986
2013-06-04 05:30:00,89.866,86.661644
2013-06-04 06:00:00,115.615,111.32364
2013-06-04 06:30:00,141.386,130.71536
2013-06-04 07:00:00,150.962,144.54243
2013-06-04 07:30:00,154.258,144.17464
2013-06-04 08:00:00,140.793,145.34436
2013-06-04 08:30:00,125.313,125.97587
2013-06-04 09:00:00,103.903,114.92702
2013-06-04 09:30:00,100.937,101.93786
2013-06-04 10:00:00,98.107,90.06183
2013-06-04 10:30:00,93.566,91.664215
2013-06-04 11:00:00,87.147,95.38911
2013-06-04 11:30:00,81.69200000000001,92.13517
2013-06-04 12:00:00,72.358,86.51352
2013-06-04 12:30:00,74.897,83.33242
2013-06-04 13:00:00,74.118,79.22466
2013-06-04 13:30:00,70.07300000000001,76.62755
2013-06-04 14:00:00,72.027,80.03558
2013-06-04 14:30:00,70.97,76.85952
2013-06-04 15:00:00,77.329,76.58599
2013-06-04 15:30:00,86.896,82.53766
2013-06-04 16:00:00,93.733,93.3693
2013-06-04 16:30:00,115.31,110.02132
2013-06-04 17:00:00,160.838,146.42377
2013-06-04 17:30:00,190.337,187.19992
2013-06-04 18:00:00,182.496,201.32309
2013-06-04 18:30:00,181.18,200.59108
2013-06-04 19:00:00,186.404,177.37483
2013-06-04 19:30:00,184.974,167.79546
2013-06-04 20:00:00,176.531,179.69061
2013-06-04 20:30:00,166.584,172.37471
2013-06-04 21:00:00,145.967,166.46057
2013-06-04 21:30:00,148.667,157.31816
2013-06-04 22:00:00,150.268,149.01096
2013-06-04 22:30:00,143.566,140.92259
2013-06-04 23:00:00,144.952,139.00063
2013-06-04 23:30:00,180.404,160.03232
2013-06-05 00:00:00,181.975,178.70932
2013-06-05 00:30:00,161.68,151.70442
2013-06-05 01:00:00,129.793,145.23238
2013-06-05 01:30:00,116.851,118.260315
2013-06-05 02:00:00,94.47,91.917595
2013-06-05 02:30:00,84.428,80.685135
2013-06-05 03:00:00,72.709,71.63003
2013-06-05 03:30:00,68.266,71.940216
2013-06-05 04:00:00,65.213,72.137665
2013-06-05 04:30:00,69.384,73.80422
2013-06-05 05:00:00,78.925,76.6897
2013-06-05 05:30:00,90.899,87.08756
2013-06-05 06:00:00,113.005,104.128
2013-06-05 06:30:00,136.821,136.15947
2013-06-05 07:00:00,144.278,142.06197
2013-06-05 07:30:00,148.185,140.26709
2013-06-05 08:00:00,138.664,144.9226
2013-06-05 08:30:00,122.458,120.747894
2013-06-05 09:00:00,104.977,109.89222
2013-06-05 09:30:00,103.977,98.50139
2013-06-05 10:00:00,99.939,92.58676
2013-06-05 10:30:00,107.313,90.97744
2013-06-05 11:00:00,99.826,93.63468
2013-06-05 11:30:00,94.473,99.68833
2013-06-05 12:00:00,81.987,96.48037
2013-06-05 12:30:00,82.883,90.55675
2013-06-05 13:00:00,88.097,81.47729
2013-06-05 13:30:00,85.836,78.94355
2013-06-05 14:00:00,83.728,81.51474
2013-06-05 14:30:00,87.22,80.122
2013-06-05 15:00:00,87.906,82.95538
2013-06-05 15:30:00,95.424,92.62502
2013-06-05 16:00:00,114.812,95.108345
2013-06-05 16:30:00,127.501,116.990166
2013-06-05 17:00:00,159.991,156.78015
2013-06-05 17:30:00,189.256,180.7084
2013-06-05 18:00:00,196.604,195.54225
2013-06-05 18:30:00,192.499,195.19153
2013-06-05 19:00:00,200.221,187.36545
2013-06-05 19:30:00,193.932,183.2976
2013-06-05 20:00:00,184.449,192.4423
2013-06-05 20:30:00,166.163,189.64906
2013-06-05 21:00:00,152.635,169.80495
2013-06-05 21:30:00,151.438,159.40523
2013-06-05 22:00:00,154.729,152.44992
2013-06-05 22:30:00,148.217,144.34306
2013-06-05 23:00:00,150.645,141.32735
2013-06-05 23:30:00,173.096,156.13782
2013-06-06 00:00:00,187.138,178.16061
2013-06-06 00:30:00,162.231,157.50427
2013-06-06 01:00:00,146.004,144.2582
2013-06-06 01:30:00,121.158,117.61645
2013-06-06 02:00:00,95.583,101.71696
2013-06-06 02:30:00,76.126,77.96321
2013-06-06 03:00:00,67.431,72.49144
2013-06-06 03:30:00,67.032,72.08912
2013-06-06 04:00:00,63.527,70.89481
2013-06-06 04:30:00,63.063,73.55695
2013-06-06 05:00:00,73.07,75.4864
2013-06-06 05:30:00,87.351,84.56659
2013-06-06 06:00:00,110.36,98.63831
2013-06-06 06:30:00,135.112,131.7815
2013-06-06 07:00:00,142.5,137.31276
2013-06-06 07:30:00,147.621,139.83046
2013-06-06 08:00:00,125.852,138.0867
2013-06-06 08:30:00,109.062,122.00173
2013-06-06 09:00:00,95.139,104.93723
2013-06-06 09:30:00,92.058,93.52833
2013-06-06 10:00:00,92.987,86.03177
2013-06-06 10:30:00,88.237,84.02686
2013-06-06 11:00:00,84.6,89.71288
2013-06-06 11:30:00,79.465,84.69767
2013-06-06 12:00:00,84.514,83.17394
2013-06-06 12:30:00,88.426,79.65606
2013-06-06 13:00:00,83.869,80.49089
2013-06-06 13:30:00,86.748,85.24022
2013-06-06 14:00:00,88.663,80.71195
2013-06-06 14:30:00,89.001,83.57237
2013-06-06 15:00:00,87.001,88.039566
2013-06-06 15:30:00,86.262,94.2353
2013-06-06 16:00:00,108.334,95.52314
2013-06-06 16:30:00,129.893,111.86015
2013-06-06 17:00:00,157.427,150.12253
2013-06-06 17:30:00,180.99,182.89522
2013-06-06 18:00:00,176.042,190.53357
2013-06-06 18:30:00,172.638,191.86356
2013-06-06 19:00:00,178.26,167.97073
2013-06-06 19:30:00,172.159,158.65651
2013-06-06 20:00:00,174.702,165.95175
2013-06-06 20:30:00,168.432,161.32414
2013-06-06 21:00:00,155.138,160.10039
2013-06-06 21:30:00,145.55,155.09543
2013-06-06 22:00:00,141.495,153.38057
2013-06-06 22:30:00,133.903,142.909
2013-06-06 23:00:00,143.236,139.30838
2013-06-06 23:30:00,176.425,157.99475
2013-06-07 00:00:00,181.927,178.87651
2013-06-07 00:30:00,148.508,159.0944
2013-06-07 01:00:00,129.426,142.21909
2013-06-07 01:30:00,115.864,115.809906
2013-06-07 02:00:00,94.476,92.251114
2013-06-07 02:30:00,80.63,76.61461
2013-06-07 03:00:00,66.377,71.72692
2013-06-07 03:30:00,61.805,69.71229
2013-06-07 04:00:00,58.582,70.474075
2013-06-07 04:30:00,60.048,71.77916
2013-06-07 05:00:00,73.116,72.481384
2013-06-07 05:30:00,80.246,78.95392
2013-06-07 06:00:00,97.615,96.95428
2013-06-07 06:30:00,104.656,118.96081
2013-06-07 07:00:00,118.429,122.678055
2013-06-07 07:30:00,123.728,118.48425
2013-06-07 08:00:00,128.354,127.445526
2013-06-07 08:30:00,118.167,119.55261
2013-06-07 09:00:00,100.203,113.08879
2013-06-07 09:30:00,94.825,112.24866
2013-06-07 10:00:00,92.585,94.0648
2013-06-07 10:30:00,102.086,87.25004
2013-06-07 11:00:00,99.032,88.53599
2013-06-07 11:30:00,95.285,99.026955
2013-06-07 12:00:00,89.122,99.70427
2013-06-07 12:30:00,91.597,92.82935
2013-06-07 13:00:00,90.637,87.75007
2013-06-07 13:30:00,81.681,88.92761
2013-06-07 14:00:00,79.755,88.28487
2013-06-07 14:30:00,79.68900000000001,81.55119
2013-06-07 15:00:00,79.045,83.34623
2013-06-07 15:30:00,85.52,87.369835
2013-06-07 16:00:00,92.922,90.0618
2013-06-07 16:30:00,113.166,105.23947
2013-06-07 17:00:00,147.157,136.54149
2013-06-07 17:30:00,170.928,164.21384
2013-06-07 18:00:00,160.928,183.87581
2013-06-07 18:30:00,154.213,176.55406
2013-06-07 19:00:00,152.675,163.26637
2013-06-07 19:30:00,145.245,158.16205
2013-06-07 20:00:00,146.734,155.05022
2013-06-07 20:30:00,147.151,151.41428
2013-06-07 21:00:00,129.514,147.01851
2013-06-07 21:30:00,131.901,143.84091
2013-06-07 22:00:00,139.652,134.72835
2013-06-07 22:30:00,132.697,130.42334
2013-06-07 23:00:00,142.881,137.11977
2013-06-07 23:30:00,175.722,162.23276
2013-06-08 00:00:00,187.735,176.03613
2013-06-08 00:30:00,160.127,156.485
2013-06-08 01:00:00,130.773,140.14774
2013-06-08 01:30:00,110.957,120.14056
2013-06-08 02:00:00,87.061,95.35774
2013-06-08 02:30:00,75.209,76.16469
2013-06-08 03:00:00,62.325,70.52231
2013-06-08 03:30:00,65.525,69.599266
2013-06-08 04:00:00,60.119,69.107254
2013-06-08 04:30:00,57.067,70.497086
2013-06-08 05:00:00,62.498,68.90396
2013-06-08 05:30:00,64.962,70.42896
2013-06-08 06:00:00,74.483,75.2388
2013-06-08 06:30:00,90.539,88.4058
2013-06-08 07:00:00,90.576,98.98904
2013-06-08 07:30:00,100.463,116.19797
2013-06-08 08:00:00,119.284,109.25423
2013-06-08 08:30:00,129.962,110.49243
2013-06-08 09:00:00,124.925,119.818665
2013-06-08 09:30:00,132.304,120.68875
2013-06-08 10:00:00,125.92,115.8615
2013-06-08 10:30:00,130.435,119.92076
2013-06-08 11:00:00,121.322,116.739395
2013-06-08 11:30:00,118.709,120.36317
2013-06-08 12:00:00,118.425,114.622574
2013-06-08 12:30:00,112.285,116.26808
2013-06-08 13:00:00,106.886,111.61701
2013-06-08 13:30:00,114.881,109.55034
2013-06-08 14:00:00,103.678,101.724045
2013-06-08 14:30:00,97.751,109.90125
2013-06-08 15:00:00,101.239,104.5
2013-06-08 15:30:00,104.97,106.02733
2013-06-08 16:00:00,111.643,115.766594
2013-06-08 16:30:00,142.262,124.40838
2013-06-08 17:00:00,166.748,151.944
2013-06-08 17:30:00,190.398,181.83354
2013-06-08 18:00:00,190.423,193.60045
2013-06-08 18:30:00,165.43,190.83684
2013-06-08 19:00:00,162.682,182.0846
2013-06-08 19:30:00,154.624,159.64384
2013-06-08 20:00:00,158.531,158.93517
2013-06-08 20:30:00,149.869,150.89502
2013-06-08 21:00:00,138.228,149.4086
2013-06-08 21:30:00,135.273,143.08667
2013-06-08 22:00:00,146.304,138.70213
2013-06-08 22:30:00,132.326,135.27264
2013-06-08 23:00:00,149.794,139.82231
2013-06-08 23:30:00,170.617,157.23021
2013-06-09 00:00:00,184.28,177.5026
2013-06-09 00:30:00,157.82,157.05817
2013-06-09 01:00:00,135.811,139.55927
2013-06-09 01:30:00,116.942,118.004105
2013-06-09 02:00:00,89.115,91.62082
2013-06-09 02:30:00,73.2,79.27501
2013-06-09 03:00:00,72.378,71.777054
2013-06-09 03:30:00,70.306,71.98791
2013-06-09 04:00:00,66.549,73.27322
2013-06-09 04:30:00,61.152,73.56002
2013-06-09 05:00:00,66.998,73.337685
2013-06-09 05:30:00,77.042,72.686035
2013-06-09 06:00:00,84.341,74.37367
2013-06-09 06:30:00,92.397,83.16204
2013-06-09 07:00:00,101.44,97.752144
2013-06-09 07:30:00,116.146,105.70608
2013-06-09 08:00:00,124.501,108.998985
2013-06-09 08:30:00,118.94,124.32675
2013-06-09 09:00:00,126.246,128.91544
2013-06-09 09:30:00,118.96,117.60337
2013-06-09 10:00:00,120.046,119.4924
2013-06-09 10:30:00,120.887,112.42667
2013-06-09 11:00:00,113.439,119.9678
2013-06-09 11:30:00,106.544,116.42114
2013-06-09 12:00:00,108.766,116.154976
2013-06-09 12:30:00,100.68,106.758286
2013-06-09 13:00:00,103.482,109.59946
2013-06-09 13:30:00,103.418,101.855225
2013-06-09 14:00:00,100.879,104.89633
2013-06-09 14:30:00,106.013,103.04636
2013-06-09 15:00:00,96.422,104.17104
2013-06-09 15:30:00,97.871,115.124985
2013-06-09 16:00:00,109.502,117.49712
2013-06-09 16:30:00,128.244,125.12035
2013-06-09 17:00:00,154.979,157.24998
2013-06-09 17:30:00,179.952,183.65633
2013-06-09 18:00:00,162.951,194.68404
2013-06-09 18:30:00,161.089,184.2604
2013-06-09 19:00:00,161.388,164.45781
2013-06-09 19:30:00,159.517,158.44142
2013-06-09 20:00:00,152.286,157.65562
2013-06-09 20:30:00,162.596,153.3508
2013-06-09 21:00:00,157.136,145.56136
2013-06-09 21:30:00,156.633,145.60493
2013-06-09 22:00:00,163.844,151.42274
2013-06-09 22:30:00,141.209,145.66672
2013-06-09 23:00:00,152.526,147.15912
2013-06-09 23:30:00,175.275,162.18965
2013-06-10 00:00:00,174.087,175.85246
2013-06-10 00:30:00,145.586,157.61562
2013-06-10 01:00:00,133.291,138.7825
2013-06-10 01:30:00,116.8,113.43441
2013-06-10 02:00:00,95.19,96.49925
2013-06-10 02:30:00,82.734,80.04373
2013-06-10 03:00:00,75.495,72.70945
2013-06-10 03:30:00,70.338,68.49319
2013-06-10 04:00:00,69.806,70.265045
2013-06-10 04:30:00,66.501,71.083694
2013-06-10 05:00:00,74.67,73.038765
2013-06-10 05:30:00,76.9,78.55366
2013-06-10 06:00:00,82.66,93.6048
2013-06-10 06:30:00,87.253,105.63022
2013-06-10 07:00:00,103.49,103.1749
2013-06-10 07:30:00,107.86,106.03274
2013-06-10 08:00:00,111.871,114.36031
2013-06-10 08:30:00,128.479,112.827995
2013-06-10 09:00:00,124.893,113.69757
2013-06-10 09:30:00,124.076,116.256714
2013-06-10 10:00:00,130.217,115.378784
2013-06-10 10:30:00,134.233,112.610214
2013-06-10 11:00:00,123.197,115.778435
2013-06-10 11:30:00,122.651,120.70126
2013-06-10 12:00:00,117.296,120.22212
2013-06-10 12:30:00,109.379,116.570984
2013-06-10 13:00:00,100.176,111.59272
2013-06-10 13:30:00,103.711,101.78099
2013-06-10 14:00:00,110.074,93.159195
2013-06-10 14:30:00,122.435,94.86859
2013-06-10 15:00:00,131.393,109.49244
2013-06-10 15:30:00,124.211,132.3955
2013-06-10 16:00:00,134.692,141.94644
2013-06-10 16:30:00,168.215,147.13786
2013-06-10 17:00:00,202.73,160.14531
2013-06-10 17:30:00,217.004,197.83005
2013-06-10 18:00:00,212.192,211.71666
2013-06-10 18:30:00,192.124,219.99301
2013-06-10 19:00:00,183.454,204.3299
2013-06-10 19:30:00,187.622,190.21669
2013-06-10 20:00:00,175.318,180.90071
2013-06-10 20:30:00,170.082,175.82904
2013-06-10 21:00:00,158.372,166.1133
2013-06-10 21:30:00,160.996,156.38657
2013-06-10 22:00:00,154.444,155.1268
2013-06-10 22:30:00,139.196,147.0927
2013-06-10 23:00:00,144.445,142.24074
2013-06-10 23:30:00,169.495,159.58359
2013-06-11 00:00:00,181.164,177.47124
2013-06-11 00:30:00,156.609,156.65677
2013-06-11 01:00:00,136.522,141.08742
2013-06-11 01:30:00,115.373,121.53851
2013-06-11 02:00:00,88.551,97.366356
2013-06-11 02:30:00,81.789,79.17042
2013-06-11 03:00:00,74.083,71.68461
2013-06-11 03:30:00,66.232,71.152794
2013-06-11 04:00:00,72.509,73.585144
2013-06-11 04:30:00,69.388,75.76064
2013-06-11 05:00:00,71.927,77.115974
2013-06-11 05:30:00,78.668,83.360085
2013-06-11 06:00:00,102.156,92.11515
2013-06-11 06:30:00,129.994,107.59708
2013-06-11 07:00:00,144.701,124.5987
2013-06-11 07:30:00,138.385,126.64439
2013-06-11 08:00:00,113.15,149.97865
2013-06-11 08:30:00,99.82,119.32167
2013-06-11 09:00:00,97.179,104.27369
2013-06-11 09:30:00,88.815,93.32744
2013-06-11 10:00:00,92.759,89.8985
2013-06-11 10:30:00,88.82300000000001,88.6077
2013-06-11 11:00:00,83.744,88.673775
2013-06-11 11:30:00,80.489,84.82626
2013-06-11 12:00:00,78.659,82.90718
2013-06-11 12:30:00,74.126,80.620705
2013-06-11 13:00:00,72.473,77.76139
2013-06-11 13:30:00,71.373,74.8218
2013-06-11 14:00:00,71.74,72.78023
2013-06-11 14:30:00,73.649,72.76838
2013-06-11 15:00:00,77.796,76.06085
2013-06-11 15:30:00,83.032,81.45948
2013-06-11 16:00:00,90.281,92.23903
2013-06-11 16:30:00,125.406,109.26049
2013-06-11 17:00:00,143.875,143.12167
2013-06-11 17:30:00,163.109,187.51057
2013-06-11 18:00:00,185.079,197.92194
2013-06-11 18:30:00,181.919,181.40523
2013-06-11 19:00:00,182.894,179.17665
2013-06-11 19:30:00,169.992,169.23958
2013-06-11 20:00:00,170.191,173.79558
2013-06-11 20:30:00,167.99,165.00827
2013-06-11 21:00:00,164.012,158.9231
2013-06-11 21:30:00,160.538,158.76607
2013-06-11 22:00:00,154.073,156.90417
2013-06-11 22:30:00,136.572,149.70697
2013-06-11 23:00:00,142.283,142.90912
2013-06-11 23:30:00,183.188,161.08595
2013-06-12 00:00:00,183.829,176.3492
2013-06-12 00:30:00,156.231,155.81247
2013-06-12 01:00:00,122.487,142.76195
2013-06-12 01:30:00,112.751,119.45879
2013-06-12 02:00:00,88.444,95.13064
2013-06-12 02:30:00,73.337,72.6048
2013-06-12 03:00:00,72.23,72.22656
2013-06-12 03:30:00,62.474,69.97845
2013-06-12 04:00:00,64.697,71.08872
2013-06-12 04:30:00,64.18900000000001,72.43843
2013-06-12 05:00:00,69.159,73.40237
2013-06-12 05:30:00,81.567,79.43293
2013-06-12 06:00:00,106.594,93.312775
2013-06-12 06:30:00,139.187,122.12777
2013-06-12 07:00:00,150.243,128.67067
2013-06-12 07:30:00,151.298,138.21526
2013-06-12 08:00:00,121.584,142.84947
2013-06-12 08:30:00,113.27,126.3281
2013-06-12 09:00:00,104.71,104.61169
2013-06-12 09:30:00,106.123,99.01824
2013-06-12 10:00:00,117.386,95.7568
2013-06-12 10:30:00,124.917,99.10791
2013-06-12 11:00:00,123.492,113.50687
2013-06-12 11:30:00,115.942,124.09568
2013-06-12 12:00:00,123.382,125.84133
2013-06-12 12:30:00,118.896,119.436646
2013-06-12 13:00:00,127.624,123.124886
2013-06-12 13:30:00,124.217,122.36322
2013-06-12 14:00:00,112.319,127.13931
2013-06-12 14:30:00,103.021,123.39833
2013-06-12 15:00:00,103.731,117.10181
2013-06-12 15:30:00,111.105,113.96695
2013-06-12 16:00:00,120.136,119.825
2013-06-12 16:30:00,143.575,133.34862
2013-06-12 17:00:00,182.576,161.19542
2013-06-12 17:30:00,216.472,192.17558
2013-06-12 18:00:00,208.396,196.59488
2013-06-12 18:30:00,201.376,211.5131
2013-06-12 19:00:00,191.852,200.20918
2013-06-12 19:30:00,187.452,190.25148
2013-06-12 20:00:00,192.515,190.31978
2013-06-12 20:30:00,181.684,181.0661
2013-06-12 21:00:00,163.723,174.07909
2013-06-12 21:30:00,149.193,168.45363
2013-06-12 22:00:00,165.012,163.71349
2013-06-12 22:30:00,147.606,145.6135
2013-06-12 23:00:00,164.822,146.6384
2013-06-12 23:30:00,191.727,160.53923
2013-06-13 00:00:00,191.595,181.2638
2013-06-13 00:30:00,167.996,160.32133
2013-06-13 01:00:00,157.27100000000002,157.78693
2013-06-13 01:30:00,122.565,127.430115
2013-06-13 02:00:00,94.151,110.1763
2013-06-13 02:30:00,77.454,83.8069
2013-06-13 03:00:00,72.983,76.78938
2013-06-13 03:30:00,72.011,73.551186
2013-06-13 04:00:00,70.415,75.083435
2013-06-13 04:30:00,70.475,77.81978
2013-06-13 05:00:00,70.84,79.26795
2013-06-13 05:30:00,83.115,80.82424
2013-06-13 06:00:00,113.703,94.41542
2013-06-13 06:30:00,144.258,123.12335
2013-06-13 07:00:00,146.687,146.417
2013-06-13 07:30:00,151.899,159.90959
2013-06-13 08:00:00,138.344,155.08261
2013-06-13 08:30:00,113.138,130.53452
2013-06-13 09:00:00,96.192,113.34009
2013-06-13 09:30:00,95.818,96.4235
2013-06-13 10:00:00,87.559,88.35824
2013-06-13 10:30:00,87.042,86.11518
2013-06-13 11:00:00,86.71300000000001,86.205826
2013-06-13 11:30:00,88.337,86.33949
2013-06-13 12:00:00,79.834,85.9464
2013-06-13 12:30:00,78.072,85.47841
2013-06-13 13:00:00,79.039,79.463005
2013-06-13 13:30:00,75.942,78.20734
2013-06-13 14:00:00,78.986,76.14451
2013-06-13 14:30:00,74.285,77.19079
2013-06-13 15:00:00,72.041,83.80008
2013-06-13 15:30:00,85.711,87.396675
2013-06-13 16:00:00,102.643,89.960815
2013-06-13 16:30:00,124.993,114.686264
2013-06-13 17:00:00,153.857,149.27002
2013-06-13 17:30:00,180.139,192.15706
2013-06-13 18:00:00,188.199,198.16759
2013-06-13 18:30:00,180.355,193.0712
2013-06-13 19:00:00,180.706,177.54532
2013-06-13 19:30:00,173.529,173.0571
2013-06-13 20:00:00,171.592,175.77489
2013-06-13 20:30:00,171.099,165.0047
2013-06-13 21:00:00,162.707,163.56764
2013-06-13 21:30:00,154.25,158.12369
2013-06-13 22:00:00,163.048,163.19492
2013-06-13 22:30:00,140.813,149.29274
2013-06-13 23:00:00,159.783,151.81178
2013-06-13 23:30:00,175.291,165.90358
2013-06-14 00:00:00,183.263,183.82277
2013-06-14 00:30:00,159.69,162.58823
2013-06-14 01:00:00,137.535,146.11539
2013-06-14 01:30:00,112.066,127.32684
2013-06-14 02:00:00,89.55199999999999,100.0684
2013-06-14 02:30:00,82.674,74.4097
2013-06-14 03:00:00,76.93900000000001,70.75962
2013-06-14 03:30:00,74.295,71.65012
2013-06-14 04:00:00,68.656,72.47668
2013-06-14 04:30:00,72.177,74.36189
2013-06-14 05:00:00,73.486,74.81398
2013-06-14 05:30:00,90.445,79.36722
2013-06-14 06:00:00,112.429,94.5999
2013-06-14 06:30:00,140.922,133.6846
2013-06-14 07:00:00,157.2,134.37497
2013-06-14 07:30:00,150.787,143.10184
2013-06-14 08:00:00,129.118,149.00414
2013-06-14 08:30:00,108.946,128.24667
2013-06-14 09:00:00,109.429,111.61389
2013-06-14 09:30:00,100.305,97.684265
2013-06-14 10:00:00,95.25,98.24738
2013-06-14 10:30:00,93.143,94.11274
2013-06-14 11:00:00,91.689,96.06093
2013-06-14 11:30:00,84.287,95.43474
2013-06-14 12:00:00,88.337,94.64432
2013-06-14 12:30:00,89.496,86.89556
2013-06-14 13:00:00,86.091,88.2085
2013-06-14 13:30:00,82.672,88.26033
2013-06-14 14:00:00,82.983,84.08539
2013-06-14 14:30:00,84.859,82.53507
2013-06-14 15:00:00,86.324,85.804756
2013-06-14 15:30:00,100.976,94.685844
2013-06-14 16:00:00,114.777,95.27071
2013-06-14 16:30:00,133.021,125.02312
2013-06-14 17:00:00,163.631,159.42424
2013-06-14 17:30:00,187.518,188.81282
2013-06-14 18:00:00,192.813,197.12221
2013-06-14 18:30:00,182.476,188.3006
2013-06-14 19:00:00,174.437,190.49858
2013-06-14 19:30:00,187.166,175.08353
2013-06-14 20:00:00,180.607,170.24033
2013-06-14 20:30:00,169.663,176.98677
2013-06-14 21:00:00,151.091,168.62648
2013-06-14 21:30:00,153.598,160.65825
2013-06-14 22:00:00,160.253,156.6788
2013-06-14 22:30:00,153.698,150.27234
2013-06-14 23:00:00,158.929,151.97499
2013-06-14 23:30:00,184.893,166.94391
2013-06-15 00:00:00,192.756,179.13373
2013-06-15 00:30:00,157.512,160.17204
2013-06-15 01:00:00,131.172,154.91188
2013-06-15 01:30:00,114.586,120.94805
2013-06-15 02:00:00,98.423,94.49137
2013-06-15 02:30:00,80.202,77.28282
2013-06-15 03:00:00,74.293,71.84055
2013-06-15 03:30:00,74.578,73.16108
2013-06-15 04:00:00,76.539,74.454834
2013-06-15 04:30:00,75.836,76.035255
2013-06-15 05:00:00,73.222,78.61045
2013-06-15 05:30:00,73.999,79.79275
2013-06-15 06:00:00,81.197,84.73426
2013-06-15 06:30:00,99.358,96.74758
2013-06-15 07:00:00,106.393,106.718254
2013-06-15 07:30:00,123.648,113.25891
2013-06-15 08:00:00,115.79,124.818184
2013-06-15 08:30:00,129.523,132.95424
2013-06-15 09:00:00,128.49,113.30516
2013-06-15 09:30:00,124.05,120.37461
2013-06-15 10:00:00,114.376,116.329666
2013-06-15 10:30:00,119.511,119.779495
2013-06-15 11:00:00,109.779,110.98215
2013-06-15 11:30:00,105.878,117.42821
2013-06-15 12:00:00,106.949,110.07867
2013-06-15 12:30:00,103.788,105.095604
2013-06-15 13:00:00,111.314,103.579475
2013-06-15 13:30:00,104.562,102.632
2013-06-15 14:00:00,110.569,110.005775
2013-06-15 14:30:00,113.136,100.723335
2013-06-15 15:00:00,109.493,114.98287
2013-06-15 15:30:00,115.179,122.91243
2013-06-15 16:00:00,123.825,128.25392
2013-06-15 16:30:00,153.566,141.09152
2013-06-15 17:00:00,186.985,169.54887
2013-06-15 17:30:00,203.84,203.97255
2013-06-15 18:00:00,203.375,201.99257
2013-06-15 18:30:00,198.574,202.15349
2013-06-15 19:00:00,187.361,197.2703
2013-06-15 19:30:00,176.109,190.25471
2013-06-15 20:00:00,175.717,183.69498
2013-06-15 20:30:00,170.693,168.56001
2013-06-15 21:00:00,160.903,165.18414
2013-06-15 21:30:00,157.062,160.81952
2013-06-15 22:00:00,157.923,163.54584
2013-06-15 22:30:00,150.929,151.47997
2013-06-15 23:00:00,162.431,149.02611
2013-06-15 23:30:00,167.892,162.22981
2013-06-16 00:00:00,181.945,181.57933
2013-06-16 00:30:00,161.401,162.56429
2013-06-16 01:00:00,143.481,145.46764
2013-06-16 01:30:00,117.92,122.56724
2013-06-16 02:00:00,100.452,105.13565
2013-06-16 02:30:00,82.878,84.66181
2013-06-16 03:00:00,71.881,75.387955
2013-06-16 03:30:00,77.696,75.06606
2013-06-16 04:00:00,71.144,74.92223
2013-06-16 04:30:00,66.16,77.88839
2013-06-16 05:00:00,72.535,78.28618
2013-06-16 05:30:00,84.915,76.35298
2013-06-16 06:00:00,83.871,83.33071
2013-06-16 06:30:00,94.351,103.375725
2013-06-16 07:00:00,108.208,104.47971
2013-06-16 07:30:00,129.542,113.10798
2013-06-16 08:00:00,139.217,123.58159
2013-06-16 08:30:00,144.697,136.24347
2013-06-16 09:00:00,135.665,140.61295
2013-06-16 09:30:00,138.078,133.16902
2013-06-16 10:00:00,132.429,121.24536
2013-06-16 10:30:00,121.087,119.8628
2013-06-16 11:00:00,113.729,120.394264
2013-06-16 11:30:00,106.508,113.257385
2013-06-16 12:00:00,104.098,109.219246
2013-06-16 12:30:00,108.976,100.4443
2013-06-16 13:00:00,101.149,97.83121
2013-06-16 13:30:00,94.042,102.722244
2013-06-16 14:00:00,96.047,98.44214
2013-06-16 14:30:00,105.162,92.007416
2013-06-16 15:00:00,114.456,100.398865
2013-06-16 15:30:00,115.56,112.7945
2013-06-16 16:00:00,139.862,137.27144
2013-06-16 16:30:00,151.312,143.62135
2013-06-16 17:00:00,199.597,178.68431
2013-06-16 17:30:00,229.473,200.40218
2013-06-16 18:00:00,229.983,210.83969
2013-06-16 18:30:00,236.353,234.97656
2013-06-16 19:00:00,230.032,216.8655
2013-06-16 19:30:00,223.085,209.38216
2013-06-16 20:00:00,213.88,209.82607
2013-06-16 20:30:00,190.096,200.13306
2013-06-16 21:00:00,170.689,185.94096
2013-06-16 21:30:00,159.898,174.39223
2013-06-16 22:00:00,160.932,163.68709
2013-06-16 22:30:00,149.388,153.96889
2013-06-16 23:00:00,149.689,150.5154
2013-06-16 23:30:00,188.861,162.9926
2013-06-17 00:00:00,177.886,170.21988
2013-06-17 00:30:00,157.503,160.46243
2013-06-17 01:00:00,135.877,140.48029
2013-06-17 01:30:00,109.527,119.424324
2013-06-17 02:00:00,97.195,97.193985
2013-06-17 02:30:00,82.015,81.397354
2013-06-17 03:00:00,77.54599999999999,73.550385
2013-06-17 03:30:00,72.056,72.92046
2013-06-17 04:00:00,68.763,75.612625
2013-06-17 04:30:00,72.241,78.71681
2013-06-17 05:00:00,79.594,79.22634
2013-06-17 05:30:00,91.476,85.491
2013-06-17 06:00:00,126.577,101.64986
2013-06-17 06:30:00,156.226,125.91202
2013-06-17 07:00:00,163.746,150.46046
2013-06-17 07:30:00,179.247,165.41396
2013-06-17 08:00:00,157.234,155.88127
2013-06-17 08:30:00,139.525,144.75487
2013-06-17 09:00:00,132.962,122.88853
2013-06-17 09:30:00,123.17,112.7691
2013-06-17 10:00:00,120.227,107.45618
2013-06-17 10:30:00,100.744,106.62882
2013-06-17 11:00:00,99.372,109.71676
2013-06-17 11:30:00,103.436,97.50321
2013-06-17 12:00:00,96.452,94.08412
2013-06-17 12:30:00,95.129,97.54487
2013-06-17 13:00:00,93.299,92.98043
2013-06-17 13:30:00,94.621,92.91037
2013-06-17 14:00:00,94.221,88.780495
2013-06-17 14:30:00,91.932,90.444496
2013-06-17 15:00:00,97.54,100.80203
2013-06-17 15:30:00,106.766,108.15638
2013-06-17 16:00:00,126.683,128.2708
2013-06-17 16:30:00,143.343,145.83305
2013-06-17 17:00:00,193.287,186.7067
2013-06-17 17:30:00,228.351,211.62996
2013-06-17 18:00:00,223.159,219.78859
2013-06-17 18:30:00,231.868,232.2723
2013-06-17 19:00:00,207.272,211.59862
2013-06-17 19:30:00,200.289,201.88522
2013-06-17 20:00:00,197.066,202.88814
2013-06-17 20:30:00,195.329,196.21005
2013-06-17 21:00:00,183.219,182.54506
2013-06-17 21:30:00,168.612,174.19093
2013-06-17 22:00:00,168.057,170.06647
2013-06-17 22:30:00,158.316,156.48206
2013-06-17 23:00:00,172.715,153.30652
2013-06-17 23:30:00,178.262,169.7143
2013-06-18 00:00:00,201.018,182.84232
2013-06-18 00:30:00,177.209,162.37656
2013-06-18 01:00:00,164.8,158.374
2013-06-18 01:30:00,136.586,133.07854
2013-06-18 02:00:00,114.474,123.954666
2013-06-18 02:30:00,90.931,93.59083
2013-06-18 03:00:00,87.626,80.94359
2013-06-18 03:30:00,77.606,73.15707
2013-06-18 04:00:00,80.427,77.37173
2013-06-18 04:30:00,78.123,79.09662
2013-06-18 05:00:00,83.032,83.43505
2013-06-18 05:30:00,97.681,90.03202
2013-06-18 06:00:00,122.39,108.66519
2013-06-18 06:30:00,147.126,139.51262
2013-06-18 07:00:00,169.933,152.21033
2013-06-18 07:30:00,179.894,170.50394
2013-06-18 08:00:00,155.643,167.58884
2013-06-18 08:30:00,132.896,144.63916
2013-06-18 09:00:00,105.121,122.22408
2013-06-18 09:30:00,110.72,105.28688
2013-06-18 10:00:00,101.752,97.41883
2013-06-18 10:30:00,98.119,98.59898
2013-06-18 11:00:00,96.308,94.90097
2013-06-18 11:30:00,86.63,92.61267
2013-06-18 12:00:00,82.491,90.19616
2013-06-18 12:30:00,79.363,83.55112
2013-06-18 13:00:00,81.739,79.98633
2013-06-18 13:30:00,80.866,78.32305
2013-06-18 14:00:00,77.728,79.18746
2013-06-18 14:30:00,77.076,77.234085
2013-06-18 15:00:00,79.955,80.85625
2013-06-18 15:30:00,95.485,84.64147
2013-06-18 16:00:00,110.575,94.549446
2013-06-18 16:30:00,142.68,127.779625
2013-06-18 17:00:00,186.118,165.052
2013-06-18 17:30:00,218.56,204.16621
2013-06-18 18:00:00,227.201,208.75156
2013-06-18 18:30:00,234.691,217.2656
2013-06-18 19:00:00,230.528,213.53825
2013-06-18 19:30:00,220.463,203.71228
2013-06-18 20:00:00,216.403,206.07726
2013-06-18 20:30:00,207.376,197.76865
2013-06-18 21:00:00,192.729,185.90889
2013-06-18 21:30:00,177.641,180.03595
2013-06-18 22:00:00,178.859,181.02248
2013-06-18 22:30:00,163.282,159.50056
2013-06-18 23:00:00,156.892,155.4233
2013-06-18 23:30:00,199.669,175.1679
2013-06-19 00:00:00,188.779,179.62364
2013-06-19 00:30:00,162.32,159.60828
2013-06-19 01:00:00,143.172,159.46443
2013-06-19 01:30:00,125.13,129.5654
2013-06-19 02:00:00,104.499,103.7832
2013-06-19 02:30:00,91.349,84.81925
2013-06-19 03:00:00,84.106,80.622314
2013-06-19 03:30:00,72.732,78.74049
2013-06-19 04:00:00,80.355,77.18992
2013-06-19 04:30:00,79.464,79.60131
2013-06-19 05:00:00,87.017,84.67174
2013-06-19 05:30:00,103.783,95.808556
2013-06-19 06:00:00,126.85,114.726875
2013-06-19 06:30:00,153.766,152.72076
2013-06-19 07:00:00,169.055,161.44699
2013-06-19 07:30:00,165.201,172.4537
2013-06-19 08:00:00,142.554,160.67628
2013-06-19 08:30:00,132.106,137.47945
2013-06-19 09:00:00,121.908,116.76273
2013-06-19 09:30:00,114.995,104.28792
2013-06-19 10:00:00,122.86,101.342575
2013-06-19 10:30:00,123.473,101.98743
2013-06-19 11:00:00,124.017,115.06934
2013-06-19 11:30:00,115.632,123.703575
2013-06-19 12:00:00,102.884,127.58809
2013-06-19 12:30:00,99.325,116.19288
2013-06-19 13:00:00,107.699,102.20753
2013-06-19 13:30:00,99.43,97.66065
2013-06-19 14:00:00,100.611,100.49056
2013-06-19 14:30:00,101.525,97.41604
2013-06-19 15:00:00,104.382,104.38405
2013-06-19 15:30:00,116.243,112.29547
2013-06-19 16:00:00,128.078,122.430756
2013-06-19 16:30:00,160.57,141.97208
2013-06-19 17:00:00,194.037,177.0159
2013-06-19 17:30:00,231.222,211.21216
2013-06-19 18:00:00,239.845,218.667
2013-06-19 18:30:00,242.863,232.19092
2013-06-19 19:00:00,227.895,214.86879
2013-06-19 19:30:00,220.705,208.83487
2013-06-19 20:00:00,229.45,206.49896
2013-06-19 20:30:00,224.411,197.65785
2013-06-19 21:00:00,203.055,188.02556
2013-06-19 21:30:00,185.88,186.58902
2013-06-19 22:00:00,175.823,186.41527
2013-06-19 22:30:00,161.422,161.5839
2013-06-19 23:00:00,161.554,156.45499
2013-06-19 23:30:00,203.822,175.02048
2013-06-20 00:00:00,201.265,178.43742
2013-06-20 00:30:00,178.579,167.21425
2013-06-20 01:00:00,156.154,160.03944
2013-06-20 01:30:00,142.605,138.22885
2013-06-20 02:00:00,110.531,112.56158
2013-06-20 02:30:00,86.978,99.657555
2013-06-20 03:00:00,84.419,80.335785
2013-06-20 03:30:00,83.406,77.22664
2013-06-20 04:00:00,77.191,77.41548
2013-06-20 04:30:00,72.782,81.20446
2013-06-20 05:00:00,92.492,81.68776
2013-06-20 05:30:00,105.806,89.31857
2013-06-20 06:00:00,130.903,119.26124
2013-06-20 06:30:00,158.508,158.84982
2013-06-20 07:00:00,162.57,170.59279
2013-06-20 07:30:00,179.095,176.40958
2013-06-20 08:00:00,155.219,151.97603
2013-06-20 08:30:00,140.07,150.89345
2013-06-20 09:00:00,122.382,124.96298
2013-06-20 09:30:00,112.117,114.673996
2013-06-20 10:00:00,108.028,103.55407
2013-06-20 10:30:00,106.464,104.67024
2013-06-20 11:00:00,107.884,101.84436
2013-06-20 11:30:00,100.557,99.50794
2013-06-20 12:00:00,99.767,98.911194
2013-06-20 12:30:00,106.346,95.98113
2013-06-20 13:00:00,104.963,94.03938
2013-06-20 13:30:00,103.75,99.679245
2013-06-20 14:00:00,101.75,99.01215
2013-06-20 14:30:00,94.561,95.61035
2013-06-20 15:00:00,93.622,102.95996
2013-06-20 15:30:00,112.865,105.58123
2013-06-20 16:00:00,127.776,109.287895
2013-06-20 16:30:00,168.611,140.92393
2013-06-20 17:00:00,196.149,180.43651
2013-06-20 17:30:00,240.075,213.2684
2013-06-20 18:00:00,233.946,222.22835
2013-06-20 18:30:00,231.39,240.79318
2013-06-20 19:00:00,228.15,222.06473
2013-06-20 19:30:00,220.654,211.03293
2013-06-20 20:00:00,231.501,212.83066
2013-06-20 20:30:00,225.199,205.36598
2013-06-20 21:00:00,201.608,198.93842
2013-06-20 21:30:00,179.478,196.5734
2013-06-20 22:00:00,179.709,191.8441
2013-06-20 22:30:00,159.288,163.62039
2013-06-20 23:00:00,171.489,157.78038
2013-06-20 23:30:00,196.497,178.13203
2013-06-21 00:00:00,214.205,185.8206
2013-06-21 00:30:00,190.082,167.6216
2013-06-21 01:00:00,171.606,161.89339
2013-06-21 01:30:00,142.847,151.37868
2013-06-21 02:00:00,111.142,123.345535
2013-06-21 02:30:00,90.275,107.546814
2013-06-21 03:00:00,82.922,80.71258
2013-06-21 03:30:00,77.883,77.52707
2013-06-21 04:00:00,79.093,77.46147
2013-06-21 04:30:00,77.915,81.45414
2013-06-21 05:00:00,85.425,84.61191
2013-06-21 05:30:00,106.855,93.60445
2013-06-21 06:00:00,122.602,114.86149
2013-06-21 06:30:00,152.43,158.15883
2013-06-21 07:00:00,163.459,164.4825
2013-06-21 07:30:00,171.621,175.51862
2013-06-21 08:00:00,146.537,161.86003
2013-06-21 08:30:00,129.954,147.44518
2013-06-21 09:00:00,125.869,122.09617
2013-06-21 09:30:00,109.485,108.48013
2013-06-21 10:00:00,115.724,109.528145
2013-06-21 10:30:00,104.545,101.172646
2013-06-21 11:00:00,101.9,111.47452
2013-06-21 11:30:00,101.792,97.45849
2013-06-21 12:00:00,106.755,94.991104
2013-06-21 12:30:00,110.493,93.566246
2013-06-21 13:00:00,95.601,98.54544
2013-06-21 13:30:00,93.916,104.43176
2013-06-21 14:00:00,97.429,91.42055
2013-06-21 14:30:00,91.102,89.44775
2013-06-21 15:00:00,92.945,98.0908
2013-06-21 15:30:00,100.359,100.59924
2013-06-21 16:00:00,112.449,116.19222
2013-06-21 16:30:00,151.769,135.16177
2013-06-21 17:00:00,191.028,173.32884
2013-06-21 17:30:00,232.843,215.80913
2013-06-21 18:00:00,237.33,223.55096
2013-06-21 18:30:00,244.779,233.4943
2013-06-21 19:00:00,242.235,223.77916
2013-06-21 19:30:00,226.869,216.20367
2013-06-21 20:00:00,219.173,218.0307
2013-06-21 20:30:00,222.849,211.15755
2013-06-21 21:00:00,210.455,196.53253
2013-06-21 21:30:00,186.28,190.92331
2013-06-21 22:00:00,187.329,192.72919
2013-06-21 22:30:00,171.825,167.44023
2013-06-21 23:00:00,181.954,168.65573
2013-06-21 23:30:00,191.996,183.82536
2013-06-22 00:00:00,198.392,189.50826
2013-06-22 00:30:00,182.08,172.69034
2013-06-22 01:00:00,161.467,161.39214
2013-06-22 01:30:00,132.45,151.73065
2013-06-22 02:00:00,110.246,118.165405
2013-06-22 02:30:00,84.571,89.21111
2013-06-22 03:00:00,86.955,81.777954
2013-06-22 03:30:00,82.49,77.35432
2013-06-22 04:00:00,78.057,78.43333
2013-06-22 04:30:00,87.667,80.08732
2013-06-22 05:00:00,80.797,83.51367
2013-06-22 05:30:00,86.14,97.78246
2013-06-22 06:00:00,100.905,98.79869
2013-06-22 06:30:00,129.329,112.87193
2013-06-22 07:00:00,142.816,132.8441
2013-06-22 07:30:00,162.667,153.35329
2013-06-22 08:00:00,173.379,169.47687
2013-06-22 08:30:00,190.716,156.44385
2013-06-22 09:00:00,174.888,146.19528
2013-06-22 09:30:00,184.261,172.9404
2013-06-22 10:00:00,182.866,151.65353
2013-06-22 10:30:00,173.647,158.19882
2013-06-22 11:00:00,175.775,164.8048
2013-06-22 11:30:00,167.713,158.77924
2013-06-22 12:00:00,157.166,172.55304
2013-06-22 12:30:00,140.068,165.02908
2013-06-22 13:00:00,136.238,154.56413
2013-06-22 13:30:00,132.984,142.99565
2013-06-22 14:00:00,136.358,136.70143
2013-06-22 14:30:00,149.779,131.37067
2013-06-22 15:00:00,156.002,143.1975
2013-06-22 15:30:00,165.952,155.56174
2013-06-22 16:00:00,178.021,173.06345
2013-06-22 16:30:00,215.18,192.38861
2013-06-22 17:00:00,236.022,213.71053
2013-06-22 17:30:00,244.289,230.45467
2013-06-22 18:00:00,235.397,241.48724
2013-06-22 18:30:00,243.575,239.07382
2013-06-22 19:00:00,235.428,219.70204
2013-06-22 19:30:00,216.729,213.24274
2013-06-22 20:00:00,214.017,216.2794
2013-06-22 20:30:00,195.112,198.98534
2013-06-22 21:00:00,178.715,188.81296
2013-06-22 21:30:00,180.597,180.28577
2013-06-22 22:00:00,180.79,175.37877
2013-06-22 22:30:00,167.325,159.46783
2013-06-22 23:00:00,171.117,156.97429
2013-06-22 23:30:00,195.903,173.38824
2013-06-23 00:00:00,204.529,193.6526
2013-06-23 00:30:00,177.111,172.05502
2013-06-23 01:00:00,155.325,159.34193
2013-06-23 01:30:00,126.793,137.34431
2013-06-23 02:00:00,109.061,114.382034
2013-06-23 02:30:00,89.685,88.83085
2013-06-23 03:00:00,77.94500000000001,77.86711
2013-06-23 03:30:00,79.429,76.72136
2013-06-23 04:00:00,73.764,75.76147
2013-06-23 04:30:00,78.803,78.69506
2013-06-23 05:00:00,83.913,79.9161
2013-06-23 05:30:00,83.081,89.0037
2013-06-23 06:00:00,88.663,98.704834
2013-06-23 06:30:00,101.004,107.30379
2013-06-23 07:00:00,118.436,116.17337
2013-06-23 07:30:00,126.719,130.8
2013-06-23 08:00:00,142.708,151.442
2013-06-23 08:30:00,157.264,148.83708
2013-06-23 09:00:00,176.616,161.94098
2013-06-23 09:30:00,172.016,152.09712
2013-06-23 10:00:00,166.173,167.77083
2013-06-23 10:30:00,160.269,156.63739
2013-06-23 11:00:00,152.9,149.25943
2013-06-23 11:30:00,166.884,145.8018
2013-06-23 12:00:00,168.917,147.95868
2013-06-23 12:30:00,165.167,159.16388
2013-06-23 13:00:00,159.715,160.38824
2013-06-23 13:30:00,160.061,160.2742
2013-06-23 14:00:00,165.692,155.46318
2013-06-23 14:30:00,169.173,156.98865
2013-06-23 15:00:00,180.325,167.95435
2013-06-23 15:30:00,190.689,169.99371
2013-06-23 16:00:00,198.645,189.96678
2013-06-23 16:30:00,219.257,197.44159
2013-06-23 17:00:00,237.166,224.05968
2013-06-23 17:30:00,269.356,238.10133
2013-06-23 18:00:00,262.791,237.39111
2013-06-23 18:30:00,258.723,238.60684
2013-06-23 19:00:00,233.117,233.26163
2013-06-23 19:30:00,228.121,228.36514
2013-06-23 20:00:00,232.548,208.64732
2013-06-23 20:30:00,217.988,202.25435
2013-06-23 21:00:00,207.477,195.77014
2013-06-23 21:30:00,199.955,189.50699
2013-06-23 22:00:00,193.676,187.02132
2013-06-23 22:30:00,170.698,164.97025
2013-06-23 23:00:00,182.065,165.65941
2013-06-23 23:30:00,198.378,175.50986
2013-06-24 00:00:00,197.62,186.34615
2013-06-24 00:30:00,178.346,168.11363
2013-06-24 01:00:00,157.687,162.6621
2013-06-24 01:30:00,138.166,139.89685
2013-06-24 02:00:00,110.556,111.815636
2013-06-24 02:30:00,91.462,94.80274
2013-06-24 03:00:00,75.212,79.72384
2013-06-24 03:30:00,71.086,74.48514
2013-06-24 04:00:00,75.783,76.20053
2013-06-24 04:30:00,74.076,79.95072
2013-06-24 05:00:00,80.036,81.80037
2013-06-24 05:30:00,100.165,94.031685
2013-06-24 06:00:00,139.374,106.506226
2013-06-24 06:30:00,166.474,145.58057
2013-06-24 07:00:00,151.345,164.64993
2013-06-24 07:30:00,168.812,175.55067
2013-06-24 08:00:00,161.524,153.58832
2013-06-24 08:30:00,147.04,146.5661
2013-06-24 09:00:00,146.987,130.08316
2013-06-24 09:30:00,132.88,129.5644
2013-06-24 10:00:00,125.499,125.32187
2013-06-24 10:30:00,115.669,112.65527
2013-06-24 11:00:00,102.904,113.9993
2013-06-24 11:30:00,97.124,108.8194
2013-06-24 12:00:00,101.134,98.206345
2013-06-24 12:30:00,105.597,92.374344
2013-06-24 13:00:00,98.61,94.567764
2013-06-24 13:30:00,92.275,98.9971
2013-06-24 14:00:00,93.658,99.9268
2013-06-24 14:30:00,99.001,95.054665
2013-06-24 15:00:00,102.379,95.46689
2013-06-24 15:30:00,127.371,124.97913
2013-06-24 16:00:00,153.251,143.43538
2013-06-24 16:30:00,171.814,161.52219
2013-06-24 17:00:00,203.115,207.10881
2013-06-24 17:30:00,234.362,222.3578
2013-06-24 18:00:00,247.463,233.09541
2013-06-24 18:30:00,243.734,238.76976
2013-06-24 19:00:00,223.732,221.30368
2013-06-24 19:30:00,220.555,215.63812
2013-06-24 20:00:00,226.789,209.93579
2013-06-24 20:30:00,217.305,204.05641
2013-06-24 21:00:00,209.481,195.87288
2013-06-24 21:30:00,199.713,190.64618
2013-06-24 22:00:00,188.332,189.53296
2013-06-24 22:30:00,168.546,169.86426
2013-06-24 23:00:00,180.627,167.29727
2013-06-24 23:30:00,194.968,182.21884
2013-06-25 00:00:00,212.134,188.54816
2013-06-25 00:30:00,186.983,170.47968
2013-06-25 01:00:00,165.516,162.14017
2013-06-25 01:30:00,144.246,152.59215
2013-06-25 02:00:00,115.714,128.11055
2013-06-25 02:30:00,86.521,104.08604
2013-06-25 03:00:00,78.48,82.92063
2013-06-25 03:30:00,72.007,75.46731
2013-06-25 04:00:00,72.531,76.26089
2013-06-25 04:30:00,79.894,77.84183
2013-06-25 05:00:00,82.7,82.18774
2013-06-25 05:30:00,101.082,100.10469
2013-06-25 06:00:00,125.037,117.95561
2013-06-25 06:30:00,171.553,151.04683
2013-06-25 07:00:00,180.773,163.19186
2013-06-25 07:30:00,175.579,178.6114
2013-06-25 08:00:00,159.28,166.4902
2013-06-25 08:30:00,148.606,146.7999
2013-06-25 09:00:00,131.44,126.337006
2013-06-25 09:30:00,130.877,118.70417
2013-06-25 10:00:00,140.487,112.38716
2013-06-25 10:30:00,137.455,111.81419
2013-06-25 11:00:00,128.225,125.49595
2013-06-25 11:30:00,122.743,125.4474
2013-06-25 12:00:00,122.696,128.12955
2013-06-25 12:30:00,117.733,118.86635
2013-06-25 13:00:00,109.633,117.08444
2013-06-25 13:30:00,106.69,115.85033
2013-06-25 14:00:00,104.729,107.40021
2013-06-25 14:30:00,101.068,101.81503
2013-06-25 15:00:00,100.833,108.420876
2013-06-25 15:30:00,116.711,117.64225
2013-06-25 16:00:00,133.091,131.17021
2013-06-25 16:30:00,171.575,156.5707
2013-06-25 17:00:00,209.337,189.63757
2013-06-25 17:30:00,250.533,224.36842
2013-06-25 18:00:00,260.846,232.05333
2013-06-25 18:30:00,241.29,237.59392
2013-06-25 19:00:00,232.812,235.01039
2013-06-25 19:30:00,241.656,220.22987
2013-06-25 20:00:00,244.642,211.83385
2013-06-25 20:30:00,224.576,210.13605
2013-06-25 21:00:00,211.334,203.80035
2013-06-25 21:30:00,196.063,194.86488
2013-06-25 22:00:00,196.375,187.64932
2013-06-25 22:30:00,172.249,165.78477
2013-06-25 23:00:00,179.434,167.21571
2013-06-25 23:30:00,197.685,180.38992
2013-06-26 00:00:00,202.902,194.86333
2013-06-26 00:30:00,180.798,170.92679
2013-06-26 01:00:00,160.477,163.78775
2013-06-26 01:30:00,131.909,145.18187
2013-06-26 02:00:00,110.425,119.0768
2013-06-26 02:30:00,92.474,95.15589
2013-06-26 03:00:00,77.968,80.07478
2013-06-26 03:30:00,74.353,74.03971
2013-06-26 04:00:00,74.616,76.028465
2013-06-26 04:30:00,79.759,79.93977
2013-06-26 05:00:00,82.65,83.878876
2013-06-26 05:30:00,94.178,103.581764
2013-06-26 06:00:00,118.237,118.88643
2013-06-26 06:30:00,141.906,152.12932
2013-06-26 07:00:00,157.406,161.51054
2013-06-26 07:30:00,166.268,167.94527
2013-06-26 08:00:00,143.796,166.68484
2013-06-26 08:30:00,130.52,149.11157
2013-06-26 09:00:00,118.911,123.66321
2013-06-26 09:30:00,109.857,109.28045
2013-06-26 10:00:00,110.944,104.3659
2013-06-26 10:30:00,107.641,104.4108
2013-06-26 11:00:00,99.228,105.850044
2013-06-26 11:30:00,98.668,101.06452
2013-06-26 12:00:00,94.893,95.035255
2013-06-26 12:30:00,96.601,94.4628
2013-06-26 13:00:00,96.964,92.711914
2013-06-26 13:30:00,93.985,92.3591
2013-06-26 14:00:00,88.78,93.66647
2013-06-26 14:30:00,89.386,92.51943
2013-06-26 15:00:00,96.466,96.212814
2013-06-26 15:30:00,97.393,101.545364
2013-06-26 16:00:00,116.396,125.22545
2013-06-26 16:30:00,146.244,136.051
2013-06-26 17:00:00,180.249,183.63692
2013-06-26 17:30:00,210.797,215.65797
2013-06-26 18:00:00,212.023,212.59598
2013-06-26 18:30:00,213.313,206.8987
2013-06-26 19:00:00,203.334,203.18481
2013-06-26 19:30:00,196.031,195.76334
2013-06-26 20:00:00,189.875,195.60617
2013-06-26 20:30:00,175.214,187.47679
2013-06-26 21:00:00,169.803,174.86783
2013-06-26 21:30:00,163.838,170.5728
2013-06-26 22:00:00,171.101,169.50626
2013-06-26 22:30:00,157.586,156.4462
2013-06-26 23:00:00,170.981,152.07056
2013-06-26 23:30:00,195.532,174.3375
2013-06-27 00:00:00,210.537,188.22595
2013-06-27 00:30:00,185.036,168.74199
2013-06-27 01:00:00,154.555,158.57123
2013-06-27 01:30:00,131.132,142.8024
2013-06-27 02:00:00,109.571,111.8371
2013-06-27 02:30:00,88.319,87.06404
2013-06-27 03:00:00,82.321,78.413155
2013-06-27 03:30:00,72.61,71.85878
2013-06-27 04:00:00,76.252,72.777916
2013-06-27 04:30:00,71.454,77.363144
2013-06-27 05:00:00,83.285,82.14917
2013-06-27 05:30:00,86.562,93.84659
2013-06-27 06:00:00,109.036,115.2271
2013-06-27 06:30:00,148.623,139.84521
2013-06-27 07:00:00,151.799,147.33617
2013-06-27 07:30:00,150.514,161.6416
2013-06-27 08:00:00,143.701,163.85474
2013-06-27 08:30:00,139.398,135.82224
2013-06-27 09:00:00,131.159,120.614136
2013-06-27 09:30:00,109.249,114.929665
2013-06-27 10:00:00,106.356,109.3162
2013-06-27 10:30:00,103.832,102.50915
2013-06-27 11:00:00,108.527,100.75972
2013-06-27 11:30:00,105.984,96.56627
2013-06-27 12:00:00,100.861,104.779106
2013-06-27 12:30:00,105.638,103.35928
2013-06-27 13:00:00,107.658,97.76477
2013-06-27 13:30:00,96.615,100.15117
2013-06-27 14:00:00,89.975,103.187645
2013-06-27 14:30:00,96.455,94.83024
2013-06-27 15:00:00,102.041,99.38621
2013-06-27 15:30:00,108.901,108.47062
2013-06-27 16:00:00,106.807,125.30153
2013-06-27 16:30:00,139.29,143.6574
2013-06-27 17:00:00,187.58,167.8533
2013-06-27 17:30:00,204.828,210.22224
2013-06-27 18:00:00,203.816,205.57466
2013-06-27 18:30:00,195.882,199.22534
2013-06-27 19:00:00,196.146,192.78491
2013-06-27 19:30:00,185.327,183.5326
2013-06-27 20:00:00,195.498,191.19576
2013-06-27 20:30:00,191.438,183.17722
2013-06-27 21:00:00,167.633,171.79836
2013-06-27 21:30:00,164.0,172.74756
2013-06-27 22:00:00,177.232,169.84344
2013-06-27 22:30:00,155.692,156.10014
2013-06-27 23:00:00,164.81,157.98514
2013-06-27 23:30:00,207.771,179.00963
2013-06-28 00:00:00,207.909,186.97702
2013-06-28 00:30:00,183.918,165.75427
2013-06-28 01:00:00,162.452,162.33575
2013-06-28 01:30:00,137.518,143.36888
2013-06-28 02:00:00,107.246,116.36595
2013-06-28 02:30:00,83.405,91.89431
2013-06-28 03:00:00,75.944,79.01438
2013-06-28 03:30:00,67.869,72.543106
2013-06-28 04:00:00,71.724,74.80497
2013-06-28 04:30:00,71.12,77.626274
2013-06-28 05:00:00,82.68,81.78119
2013-06-28 05:30:00,92.473,91.5785
2013-06-28 06:00:00,108.396,116.3837
2013-06-28 06:30:00,139.337,141.34557
2013-06-28 07:00:00,148.337,146.74672
2013-06-28 07:30:00,157.811,158.18117
2013-06-28 08:00:00,142.682,163.23846
2013-06-28 08:30:00,132.629,141.58885
2013-06-28 09:00:00,117.203,123.42824
2013-06-28 09:30:00,120.409,111.97069
2013-06-28 10:00:00,115.916,101.92008
2013-06-28 10:30:00,123.055,108.624435
2013-06-28 11:00:00,118.049,110.814674
2013-06-28 11:30:00,109.043,121.12867
2013-06-28 12:00:00,118.243,115.95339
2013-06-28 12:30:00,113.503,106.178696
2013-06-28 13:00:00,102.961,113.5918
2013-06-28 13:30:00,112.629,110.786705
2013-06-28 14:00:00,104.854,99.26608
2013-06-28 14:30:00,102.25,109.64717
2013-06-28 15:00:00,108.666,108.22728
2013-06-28 15:30:00,119.43,116.51431
2013-06-28 16:00:00,137.765,128.30971
2013-06-28 16:30:00,168.745,146.27512
2013-06-28 17:00:00,186.188,184.9075
2013-06-28 17:30:00,213.623,208.19789
2013-06-28 18:00:00,219.956,198.85533
2013-06-28 18:30:00,212.74,207.41629
2013-06-28 19:00:00,204.424,204.55916
2013-06-28 19:30:00,192.473,197.22253
2013-06-28 20:00:00,201.709,197.58177
2013-06-28 20:30:00,194.966,191.43626
2013-06-28 21:00:00,175.185,182.49863
2013-06-28 21:30:00,173.767,175.59918
2013-06-28 22:00:00,176.966,175.4927
2013-06-28 22:30:00,165.8,161.59967
2013-06-28 23:00:00,175.479,159.41966
2013-06-28 23:30:00,194.208,181.91312
2013-06-29 00:00:00,211.027,192.56474
2013-06-29 00:30:00,180.597,172.61423
2013-06-29 01:00:00,164.514,159.12433
2013-06-29 01:30:00,132.632,146.39119
2013-06-29 02:00:00,117.641,122.088394
2013-06-29 02:30:00,99.278,91.924095
2013-06-29 03:00:00,90.884,81.45672
2013-06-29 03:30:00,79.022,75.28347
2013-06-29 04:00:00,80.977,76.765656
2013-06-29 04:30:00,76.535,78.911064
2013-06-29 05:00:00,86.73,85.26516
2013-06-29 05:30:00,88.445,89.27488
2013-06-29 06:00:00,91.077,105.677414
2013-06-29 06:30:00,94.95,120.45653
2013-06-29 07:00:00,107.836,126.94209
2013-06-29 07:30:00,127.452,124.31884
2013-06-29 08:00:00,145.75,136.17165
2013-06-29 08:30:00,153.162,145.99997
2013-06-29 09:00:00,159.94,160.55971
2013-06-29 09:30:00,162.40800000000002,150.2797
2013-06-29 10:00:00,161.925,142.102
2013-06-29 10:30:00,164.627,142.24875
2013-06-29 11:00:00,173.074,143.58258
2013-06-29 11:30:00,159.079,150.85867
2013-06-29 12:00:00,147.147,168.6901
2013-06-29 12:30:00,146.431,161.22058
2013-06-29 13:00:00,144.087,150.64383
2013-06-29 13:30:00,143.584,151.8639
2013-06-29 14:00:00,151.315,151.31091
2013-06-29 14:30:00,150.93,156.3523
2013-06-29 15:00:00,141.944,165.20312
2013-06-29 15:30:00,152.643,165.5245
2013-06-29 16:00:00,162.85399999999998,162.38846
2013-06-29 16:30:00,174.571,185.94444
2013-06-29 17:00:00,195.926,207.68195
2013-06-29 17:30:00,221.779,221.71779
2013-06-29 18:00:00,212.698,229.83977
2013-06-29 18:30:00,200.346,230.67903
2013-06-29 19:00:00,195.749,206.8568
2013-06-29 19:30:00,182.357,195.73575
2013-06-29 20:00:00,191.326,196.46368
2013-06-29 20:30:00,177.772,180.08815
2013-06-29 21:00:00,156.279,176.40916
2013-06-29 21:30:00,167.207,170.5642
2013-06-29 22:00:00,167.654,166.71669
2013-06-29 22:30:00,159.73,158.63225
2013-06-29 23:00:00,175.535,157.462
2013-06-29 23:30:00,190.992,174.61588
2013-06-30 00:00:00,198.279,195.39693
2013-06-30 00:30:00,178.362,175.91255
2013-06-30 01:00:00,155.478,156.39801
2013-06-30 01:30:00,130.727,142.16042
2013-06-30 02:00:00,105.037,115.00851
2013-06-30 02:30:00,88.61,97.16728
2013-06-30 03:00:00,74.123,78.247154
2013-06-30 03:30:00,68.509,77.10454
2013-06-30 04:00:00,68.828,73.96641
2013-06-30 04:30:00,78.931,76.20271
2013-06-30 05:00:00,88.943,79.688065
2013-06-30 05:30:00,75.54599999999999,95.49417
2013-06-30 06:00:00,80.981,110.61448
2013-06-30 06:30:00,94.906,98.36489
2013-06-30 07:00:00,106.222,104.25357
2013-06-30 07:30:00,113.084,112.76077
2013-06-30 08:00:00,142.591,125.36404
2013-06-30 08:30:00,158.293,137.56786
2013-06-30 09:00:00,164.398,157.80072
2013-06-30 09:30:00,154.791,158.3235
2013-06-30 10:00:00,156.828,156.56273
2013-06-30 10:30:00,155.198,143.58685
2013-06-30 11:00:00,162.924,141.9293
2013-06-30 11:30:00,149.432,140.74515
2013-06-30 12:00:00,152.721,156.11253
2013-06-30 12:30:00,149.542,152.23802
2013-06-30 13:00:00,140.542,156.64964
2013-06-30 13:30:00,139.502,153.54805
2013-06-30 14:00:00,147.03,146.20097
2013-06-30 14:30:00,141.814,148.33846
2013-06-30 15:00:00,154.996,164.08023
2013-06-30 15:30:00,158.496,159.5207
2013-06-30 16:00:00,168.283,177.04999
2013-06-30 16:30:00,180.158,192.55267
2013-06-30 17:00:00,203.602,211.93697
2013-06-30 17:30:00,225.902,231.95525
2013-06-30 18:00:00,224.735,228.67754
2013-06-30 18:30:00,211.351,240.6912
2013-06-30 19:00:00,194.972,220.36559
2013-06-30 19:30:00,195.357,200.99527
2013-06-30 20:00:00,190.454,194.72357
2013-06-30 20:30:00,185.096,191.33261
2013-06-30 21:00:00,165.139,175.98329
2013-06-30 21:30:00,170.895,168.77444
2013-06-30 22:00:00,169.309,170.17238
2013-06-30 22:30:00,163.463,155.34406
2013-06-30 23:00:00,169.782,156.85474
