Timestamp,Predicted_Solar_kWh
2013-05-08 06:30:00,1.1183009
2013-05-08 07:00:00,4.4067516
2013-05-08 07:30:00,15.741484
2013-05-08 08:00:00,46.449043
2013-05-08 08:30:00,69.685074
2013-05-08 09:00:00,80.79344
2013-05-08 09:30:00,87.542496
2013-05-08 10:00:00,83.66057
2013-05-08 10:30:00,91.17643
2013-05-08 11:00:00,104.91424
2013-05-08 11:30:00,111.88568
2013-05-08 12:00:00,119.23467
2013-05-08 12:30:00,110.85455
2013-05-08 13:00:00,112.00545
2013-05-08 13:30:00,103.41626
2013-05-08 14:00:00,79.09866
2013-05-08 14:30:00,58.106197
2013-05-08 15:00:00,43.79072
2013-05-08 15:30:00,29.854212
2013-05-08 16:00:00,18.691698
2013-05-08 16:30:00,6.0097713
2013-05-08 17:00:00,2.8833604
2013-05-08 17:30:00,0.78111047
2013-05-08 18:00:00,0.0
2013-05-08 18:30:00,0.0
2013-05-08 19:00:00,0.0
2013-05-08 19:30:00,0.0
2013-05-08 20:00:00,0.0
2013-05-08 20:30:00,0.0
2013-05-08 21:00:00,0.0
2013-05-08 21:30:00,0.0
2013-05-08 22:00:00,0.0
2013-05-08 22:30:00,0.0
2013-05-08 23:00:00,0.0
2013-05-08 23:30:00,0.0
2013-05-09 00:00:00,0.0
2013-05-09 00:30:00,0.0
2013-05-09 01:00:00,0.0
2013-05-09 01:30:00,0.0
2013-05-09 02:00:00,0.0067912643
2013-05-09 02:30:00,0.005306765
2013-05-09 03:00:00,0.0118007315
2013-05-09 03:30:00,0.038210716
2013-05-09 04:00:00,0.05201021
2013-05-09 04:30:00,0.05120962
2013-05-09 05:00:00,0.0
2013-05-09 05:30:00,0.17717993
2013-05-09 06:00:00,0.35721463
2013-05-09 06:30:00,1.157624
2013-05-09 07:00:00,4.613324
2013-05-09 07:30:00,20.242788
2013-05-09 08:00:00,47.2456
2013-05-09 08:30:00,68.017715
2013-05-09 09:00:00,93.817116
2013-05-09 09:30:00,114.07192
2013-05-09 10:00:00,134.40637
2013-05-09 10:30:00,144.5436
2013-05-09 11:00:00,145.06561
2013-05-09 11:30:00,147.49007
2013-05-09 12:00:00,144.22882
2013-05-09 12:30:00,141.73665
2013-05-09 13:00:00,138.22383
2013-05-09 13:30:00,121.1129
2013-05-09 14:00:00,102.55672
2013-05-09 14:30:00,91.453285
2013-05-09 15:00:00,65.40576
2013-05-09 15:30:00,38.993923
2013-05-09 16:00:00,18.264992
2013-05-09 16:30:00,6.2070546
2013-05-09 17:00:00,2.4663355
2013-05-09 17:30:00,0.62779576
2013-05-09 18:00:00,0.0
2013-05-09 18:30:00,0.0
2013-05-09 19:00:00,0.0
2013-05-09 19:30:00,0.0
2013-05-09 20:00:00,0.0
2013-05-09 20:30:00,0.0
2013-05-09 21:00:00,0.0
2013-05-09 21:30:00,0.0
2013-05-09 22:00:00,0.0
2013-05-09 22:30:00,0.0
2013-05-09 23:00:00,0.0
2013-05-09 23:30:00,0.0
2013-05-10 00:00:00,0.0
2013-05-10 00:30:00,0.0
2013-05-10 01:00:00,0.0
2013-05-10 01:30:00,0.0
2013-05-10 02:00:00,0.016339205
2013-05-10 02:30:00,0.014854708
2013-05-10 03:00:00,0.021348678
2013-05-10 03:30:00,0.051125992
2013-05-10 04:00:00,0.061558116
2013-05-10 04:30:00,0.060757548
2013-05-10 05:00:00,0.0028589098
2013-05-10 05:30:00,0.1558792
2013-05-10 06:00:00,0.33591387
2013-05-10 06:30:00,1.1363232
2013-05-10 07:00:00,4.958877
2013-05-10 07:30:00,16.21385
2013-05-10 08:00:00,43.935783
2013-05-10 08:30:00,64.24936
2013-05-10 09:00:00,86.02859
2013-05-10 09:30:00,87.91648
2013-05-10 10:00:00,102.787056
2013-05-10 10:30:00,133.30658
2013-05-10 11:00:00,144.28111
2013-05-10 11:30:00,148.94044
2013-05-10 12:00:00,144.1467
2013-05-10 12:30:00,141.8297
2013-05-10 13:00:00,138.06378
2013-05-10 13:30:00,119.75717
2013-05-10 14:00:00,104.06671
2013-05-10 14:30:00,88.453125
2013-05-10 15:00:00,58.176224
2013-05-10 15:30:00,34.155823
2013-05-10 16:00:00,20.345861
2013-05-10 16:30:00,6.435318
2013-05-10 17:00:00,2.4665883
2013-05-10 17:30:00,0.6361978
2013-05-10 18:00:00,0.0
2013-05-10 18:30:00,0.0
2013-05-10 19:00:00,0.0
2013-05-10 19:30:00,0.0
2013-05-10 20:00:00,0.0
2013-05-10 20:30:00,0.0
2013-05-10 21:00:00,0.0
2013-05-10 21:30:00,0.0
2013-05-10 22:00:00,0.0
2013-05-10 22:30:00,0.0
2013-05-10 23:00:00,0.0
2013-05-10 23:30:00,0.0
2013-05-11 00:00:00,0.0033074091
2013-05-11 00:30:00,0.023647163
2013-05-11 01:00:00,0.025131661
2013-05-11 01:30:00,0.023647163
2013-05-11 02:00:00,0.042269994
2013-05-11 02:30:00,0.040785495
2013-05-11 03:00:00,0.04727944
2013-05-11 03:30:00,0.07705671
2013-05-11 04:00:00,0.087488875
2013-05-11 04:30:00,0.0866883
2013-05-11 05:00:00,0.02878965
2013-05-11 05:30:00,0.21265866
2013-05-11 06:00:00,0.3926933
2013-05-11 06:30:00,1.1931026
2013-05-11 07:00:00,4.7132516
2013-05-11 07:30:00,12.931041
2013-05-11 08:00:00,26.423307
2013-05-11 08:30:00,47.064262
2013-05-11 09:00:00,68.81054
2013-05-11 09:30:00,93.17365
2013-05-11 10:00:00,98.803116
2013-05-11 10:30:00,98.25291
2013-05-11 11:00:00,88.740005
2013-05-11 11:30:00,78.310585
2013-05-11 12:00:00,80.142456
2013-05-11 12:30:00,70.07612
2013-05-11 13:00:00,53.87781
2013-05-11 13:30:00,56.50845
2013-05-11 14:00:00,66.69162
2013-05-11 14:30:00,46.939167
2013-05-11 15:00:00,33.648746
2013-05-11 15:30:00,31.889847
2013-05-11 16:00:00,15.8425255
2013-05-11 16:30:00,5.869252
2013-05-11 17:00:00,2.6487749
2013-05-11 17:30:00,0.7418548
2013-05-11 18:00:00,0.013772066
2013-05-11 18:30:00,0.0
2013-05-11 19:00:00,0.0
2013-05-11 19:30:00,0.0
2013-05-11 20:00:00,0.0
2013-05-11 20:30:00,0.0
2013-05-11 21:00:00,0.0
2013-05-11 21:30:00,0.0
2013-05-11 22:00:00,0.0
2013-05-11 22:30:00,0.0
2013-05-11 23:00:00,0.0
2013-05-11 23:30:00,0.0
2013-05-12 00:00:00,0.031103222
2013-05-12 00:30:00,0.07643512
2013-05-12 01:00:00,0.07484401
2013-05-12 01:30:00,0.07643512
2013-05-12 02:00:00,0.09198233
2013-05-12 02:30:00,0.09357345
2013-05-12 03:00:00,0.096991785
2013-05-12 03:30:00,0.12984474
2013-05-12 04:00:00,0.13383394
2013-05-12 04:30:00,0.13610893
2013-05-12 05:00:00,0.0900748
2013-05-12 05:30:00,0.24708658
2013-05-12 06:00:00,0.4601848
2013-05-12 06:30:00,1.0908213
2013-05-12 07:00:00,4.1875005
2013-05-12 07:30:00,15.141825
2013-05-12 08:00:00,36.58076
2013-05-12 08:30:00,60.068787
2013-05-12 09:00:00,85.46017
2013-05-12 09:30:00,100.99239
2013-05-12 10:00:00,106.65933
2013-05-12 10:30:00,125.98637
2013-05-12 11:00:00,135.41135
2013-05-12 11:30:00,143.93768
2013-05-12 12:00:00,146.17728
2013-05-12 12:30:00,137.22426
2013-05-12 13:00:00,126.41356
2013-05-12 13:30:00,112.003044
2013-05-12 14:00:00,104.126495
2013-05-12 14:30:00,87.581856
2013-05-12 15:00:00,53.315998
2013-05-12 15:30:00,34.42465
2013-05-12 16:00:00,21.505922
2013-05-12 16:30:00,6.377439
2013-05-12 17:00:00,2.5714269
2013-05-12 17:30:00,0.6657235
2013-05-12 18:00:00,0.0
2013-05-12 18:30:00,0.0
2013-05-12 19:00:00,0.0
2013-05-12 19:30:00,0.0
2013-05-12 20:00:00,0.0
2013-05-12 20:30:00,0.0
2013-05-12 21:00:00,0.00020739266
2013-05-12 21:30:00,0.0
2013-05-12 22:00:00,0.0
2013-05-12 22:30:00,0.0076316944
2013-05-12 23:00:00,0.0053485613
2013-05-12 23:30:00,0.0038640562
2013-05-13 00:00:00,0.0
2013-05-13 00:30:00,0.0
2013-05-13 01:00:00,0.0
2013-05-13 01:30:00,0.0
2013-05-13 02:00:00,0.0
2013-05-13 02:30:00,0.0
2013-05-13 03:00:00,0.0
2013-05-13 03:30:00,0.0
2013-05-13 04:00:00,0.0
2013-05-13 04:30:00,0.0
2013-05-13 05:00:00,0.0
2013-05-13 05:30:00,0.0
2013-05-13 06:00:00,0.0
2013-05-13 06:30:00,0.7431866
2013-05-13 07:00:00,3.8959723
2013-05-13 07:30:00,15.022963
2013-05-13 08:00:00,36.312084
2013-05-13 08:30:00,44.043602
2013-05-13 09:00:00,57.74701
2013-05-13 09:30:00,50.34731
2013-05-13 10:00:00,64.84389
2013-05-13 10:30:00,64.22923
2013-05-13 11:00:00,97.22467
2013-05-13 11:30:00,130.1021
2013-05-13 12:00:00,98.239334
2013-05-13 12:30:00,104.23115
2013-05-13 13:00:00,82.50619
2013-05-13 13:30:00,71.43783
2013-05-13 14:00:00,40.70094
2013-05-13 14:30:00,29.115892
2013-05-13 15:00:00,26.588936
2013-05-13 15:30:00,26.234444
2013-05-13 16:00:00,14.603734
2013-05-13 16:30:00,6.6150393
2013-05-13 17:00:00,2.6132197
2013-05-13 17:30:00,0.7051141
2013-05-13 18:00:00,0.07748055
2013-05-13 18:30:00,0.03105338
2013-05-13 19:00:00,0.002156496
2013-05-13 19:30:00,0.0
2013-05-13 20:00:00,0.0005215408
2013-05-13 20:30:00,0.008550474
2013-05-13 21:00:00,0.0
2013-05-13 21:30:00,0.0
2013-05-13 22:00:00,0.0
2013-05-13 22:30:00,0.0
2013-05-13 23:00:00,0.0
2013-05-13 23:30:00,0.0
2013-05-14 00:00:00,0.024167515
2013-05-14 00:30:00,0.04758288
2013-05-14 01:00:00,0.045991763
2013-05-14 01:30:00,0.04758288
2013-05-14 02:00:00,0.056832086
2013-05-14 02:30:00,0.05842321
2013-05-14 03:00:00,0.06184155
2013-05-14 03:30:00,0.091327175
2013-05-14 04:00:00,0.092027105
2013-05-14 04:30:00,0.09430212
2013-05-14 05:00:00,0.033327833
2013-05-14 05:30:00,0.22027238
2013-05-14 06:00:00,0.4072555
2013-05-14 06:30:00,0.93227774
2013-05-14 07:00:00,4.2046924
2013-05-14 07:30:00,11.304215
2013-05-14 08:00:00,12.0234585
2013-05-14 08:30:00,12.452897
2013-05-14 09:00:00,13.596336
2013-05-14 09:30:00,16.748762
2013-05-14 10:00:00,24.822718
2013-05-14 10:30:00,55.312126
2013-05-14 11:00:00,86.6052
2013-05-14 11:30:00,95.06466
2013-05-14 12:00:00,108.769966
2013-05-14 12:30:00,101.24544
2013-05-14 13:00:00,110.4197
2013-05-14 13:30:00,114.75655
2013-05-14 14:00:00,106.91407
2013-05-14 14:30:00,89.407555
2013-05-14 15:00:00,52.310257
2013-05-14 15:30:00,30.824835
2013-05-14 16:00:00,17.953411
2013-05-14 16:30:00,6.640003
2013-05-14 17:00:00,2.6971202
2013-05-14 17:30:00,0.5690289
2013-05-14 18:00:00,0.008709728
2013-05-14 18:30:00,0.0021177344
2013-05-14 19:00:00,0.0005266184
2013-05-14 19:30:00,0.0021177344
2013-05-14 20:00:00,0.010464559
2013-05-14 20:30:00,0.021134943
2013-05-14 21:00:00,0.0038269588
2013-05-14 21:30:00,0.0
2013-05-14 22:00:00,0.0011628977
2013-05-14 22:30:00,0.0
2013-05-14 23:00:00,0.00896814
2013-05-14 23:30:00,0.00748364
2013-05-15 00:00:00,0.036706373
2013-05-15 00:30:00,0.05704613
2013-05-15 01:00:00,0.05853063
2013-05-15 01:30:00,0.047022212
2013-05-15 02:00:00,0.059347063
2013-05-15 02:30:00,0.06788647
2013-05-15 03:00:00,0.074380405
2013-05-15 03:30:00,0.1041577
2013-05-15 04:00:00,0.11458988
2013-05-15 04:30:00,0.113789275
2013-05-15 05:00:00,0.083418794
2013-05-15 05:30:00,0.26728767
2013-05-15 06:00:00,0.44732237
2013-05-15 06:30:00,0.9692691
2013-05-15 07:00:00,3.1990392
2013-05-15 07:30:00,12.9102335
2013-05-15 08:00:00,33.942177
2013-05-15 08:30:00,61.7912
2013-05-15 09:00:00,86.48748
2013-05-15 09:30:00,109.62621
2013-05-15 10:00:00,129.57892
2013-05-15 10:30:00,149.35217
2013-05-15 11:00:00,144.6424
2013-05-15 11:30:00,152.68503
2013-05-15 12:00:00,151.8924
2013-05-15 12:30:00,145.99164
2013-05-15 13:00:00,134.99501
2013-05-15 13:30:00,119.42397
2013-05-15 14:00:00,100.364044
2013-05-15 14:30:00,85.29183
2013-05-15 15:00:00,54.119392
2013-05-15 15:30:00,29.443527
2013-05-15 16:00:00,17.430115
2013-05-15 16:30:00,4.989387
2013-05-15 17:00:00,2.2230434
2013-05-15 17:30:00,0.73568726
2013-05-15 18:00:00,0.0
2013-05-15 18:30:00,0.0
2013-05-15 19:00:00,0.0
2013-05-15 19:30:00,0.0
2013-05-15 20:00:00,0.0
2013-05-15 20:30:00,0.015516954
2013-05-15 21:00:00,0.018577026
2013-05-15 21:30:00,0.01442846
2013-05-15 22:00:00,0.01591296
2013-05-15 22:30:00,0.01442846
2013-05-15 23:00:00,0.023718197
2013-05-15 23:30:00,0.022233699
2013-05-16 00:00:00,0.04881962
2013-05-16 00:30:00,0.0691593
2013-05-16 01:00:00,0.070643805
2013-05-16 01:30:00,0.0691593
2013-05-16 02:00:00,0.081550546
2013-05-16 02:30:00,0.08006604
2013-05-16 03:00:00,0.08656
2013-05-16 03:30:00,0.11633733
2013-05-16 04:00:00,0.12676944
2013-05-16 04:30:00,0.12596892
2013-05-16 05:00:00,0.09559839
2013-05-16 05:30:00,0.24861866
2013-05-16 06:00:00,0.42865315
2013-05-16 06:30:00,1.2290628
2013-05-16 07:00:00,4.842963
2013-05-16 07:30:00,16.84847
2013-05-16 08:00:00,31.351524
2013-05-16 08:30:00,60.011703
2013-05-16 09:00:00,87.28351
2013-05-16 09:30:00,112.16819
2013-05-16 10:00:00,129.00476
2013-05-16 10:30:00,139.73029
2013-05-16 11:00:00,140.34065
2013-05-16 11:30:00,146.77734
2013-05-16 12:00:00,120.3545
2013-05-16 12:30:00,105.34435
2013-05-16 13:00:00,103.62614
2013-05-16 13:30:00,86.77254
2013-05-16 14:00:00,72.20565
2013-05-16 14:30:00,56.229298
2013-05-16 15:00:00,36.143707
2013-05-16 15:30:00,28.273989
2013-05-16 16:00:00,17.724966
2013-05-16 16:30:00,4.780594
2013-05-16 17:00:00,2.6897957
2013-05-16 17:30:00,0.7064494
2013-05-16 18:00:00,0.0
2013-05-16 18:30:00,0.0
2013-05-16 19:00:00,0.0
2013-05-16 19:30:00,0.0
2013-05-16 20:00:00,0.0
2013-05-16 20:30:00,0.0
2013-05-16 21:00:00,0.018407699
2013-05-16 21:30:00,0.014259146
2013-05-16 22:00:00,0.015743641
2013-05-16 22:30:00,0.014259146
2013-05-16 23:00:00,0.023548875
2013-05-16 23:30:00,0.022064377
2013-05-17 00:00:00,0.0
2013-05-17 00:30:00,0.008776459
2013-05-17 01:00:00,0.010260957
2013-05-17 01:30:00,0.008776459
2013-05-17 02:00:00,0.021167722
2013-05-17 02:30:00,0.019683223
2013-05-17 03:00:00,0.026177172
2013-05-17 03:30:00,0.05595448
2013-05-17 04:00:00,0.06638661
2013-05-17 04:30:00,0.065586045
2013-05-17 05:00:00,0.035215624
2013-05-17 05:30:00,0.21908455
2013-05-17 06:00:00,0.39911926
2013-05-17 06:30:00,1.1995289
2013-05-17 07:00:00,4.463629
2013-05-17 07:30:00,15.90416
2013-05-17 08:00:00,38.05967
2013-05-17 08:30:00,61.961964
2013-05-17 09:00:00,89.144936
2013-05-17 09:30:00,112.290306
2013-05-17 10:00:00,126.12252
2013-05-17 10:30:00,135.67473
2013-05-17 11:00:00,140.79175
2013-05-17 11:30:00,149.17181
2013-05-17 12:00:00,149.79199
2013-05-17 12:30:00,142.51799
2013-05-17 13:00:00,127.190704
2013-05-17 13:30:00,115.93997
2013-05-17 14:00:00,100.65421
2013-05-17 14:30:00,80.56427
2013-05-17 15:00:00,56.374416
2013-05-17 15:30:00,31.430912
2013-05-17 16:00:00,17.60758
2013-05-17 16:30:00,5.909561
2013-05-17 17:00:00,1.9603022
2013-05-17 17:30:00,0.66817033
2013-05-17 18:00:00,0.0
2013-05-17 18:30:00,0.0
2013-05-17 19:00:00,0.0
2013-05-17 19:30:00,0.0
2013-05-17 20:00:00,0.0
2013-05-17 20:30:00,0.0
2013-05-17 21:00:00,0.0
2013-05-17 21:30:00,0.0
2013-05-17 22:00:00,0.0
2013-05-17 22:30:00,0.0
2013-05-17 23:00:00,0.0
2013-05-17 23:30:00,0.0
2013-05-18 00:00:00,0.0
2013-05-18 00:30:00,0.015187823
2013-05-18 01:00:00,0.016672326
2013-05-18 01:30:00,0.015187823
2013-05-18 02:00:00,0.02757908
2013-05-18 02:30:00,0.02609457
2013-05-18 03:00:00,0.03258855
2013-05-18 03:30:00,0.062365785
2013-05-18 04:00:00,0.07279798
2013-05-18 04:30:00,0.07199742
2013-05-18 05:00:00,0.041626945
2013-05-18 05:30:00,0.19464725
2013-05-18 06:00:00,0.37468207
2013-05-18 06:30:00,1.1750913
2013-05-18 07:00:00,4.289328
2013-05-18 07:30:00,16.92925
2013-05-18 08:00:00,40.57135
2013-05-18 08:30:00,63.16474
2013-05-18 09:00:00,87.19043
2013-05-18 09:30:00,110.758934
2013-05-18 10:00:00,126.24792
2013-05-18 10:30:00,136.42403
2013-05-18 11:00:00,140.31546
2013-05-18 11:30:00,142.9247
2013-05-18 12:00:00,145.22362
2013-05-18 12:30:00,140.7914
2013-05-18 13:00:00,134.04329
2013-05-18 13:30:00,115.64646
2013-05-18 14:00:00,102.6728
2013-05-18 14:30:00,83.059006
2013-05-18 15:00:00,53.319103
2013-05-18 15:30:00,31.494987
2013-05-18 16:00:00,18.000332
2013-05-18 16:30:00,5.7445536
2013-05-18 17:00:00,2.6352348
2013-05-18 17:30:00,0.6740866
2013-05-18 18:00:00,0.0
2013-05-18 18:30:00,0.0
2013-05-18 19:00:00,0.0
2013-05-18 19:30:00,0.0
2013-05-18 20:00:00,0.0
2013-05-18 20:30:00,0.0
2013-05-18 21:00:00,0.0
2013-05-18 21:30:00,0.0
2013-05-18 22:00:00,0.0
2013-05-18 22:30:00,0.0
2013-05-18 23:00:00,0.0
2013-05-18 23:30:00,0.0
2013-05-19 00:00:00,0.040164873
2013-05-19 00:30:00,0.08242115
2013-05-19 01:00:00,0.08390565
2013-05-19 01:30:00,0.08242115
2013-05-19 02:00:00,0.09481239
2013-05-19 02:30:00,0.09332789
2013-05-19 03:00:00,0.099821836
2013-05-19 03:30:00,0.12959908
2013-05-19 04:00:00,0.1400313
2013-05-19 04:30:00,0.13923073
2013-05-19 05:00:00,0.10886016
2013-05-19 05:30:00,0.24352057
2013-05-19 06:00:00,0.45969415
2013-05-19 06:30:00,1.1461583
2013-05-19 07:00:00,4.7230897
2013-05-19 07:30:00,15.6783695
2013-05-19 08:00:00,38.65708
2013-05-19 08:30:00,61.576927
2013-05-19 09:00:00,84.71939
2013-05-19 09:30:00,107.83067
2013-05-19 10:00:00,119.6784
2013-05-19 10:30:00,136.69182
2013-05-19 11:00:00,140.28143
2013-05-19 11:30:00,144.0854
2013-05-19 12:00:00,145.24377
2013-05-19 12:30:00,142.06331
2013-05-19 13:00:00,136.23425
2013-05-19 13:30:00,117.82623
2013-05-19 14:00:00,102.13304
2013-05-19 14:30:00,85.6393
2013-05-19 15:00:00,57.809307
2013-05-19 15:30:00,33.165222
2013-05-19 16:00:00,17.877134
2013-05-19 16:30:00,5.511108
2013-05-19 17:00:00,1.9450252
2013-05-19 17:30:00,0.66154075
2013-05-19 18:00:00,0.0
2013-05-19 18:30:00,0.0
2013-05-19 19:00:00,0.0
2013-05-19 19:30:00,0.0
2013-05-19 20:00:00,0.0
2013-05-19 20:30:00,0.0
2013-05-19 21:00:00,0.010248107
2013-05-19 21:30:00,0.006099546
2013-05-19 22:00:00,0.0075840442
2013-05-19 22:30:00,0.006099546
2013-05-19 23:00:00,0.015389274
2013-05-19 23:30:00,0.013904777
2013-05-20 00:00:00,0.0
2013-05-20 00:30:00,0.007807774
2013-05-20 01:00:00,0.0
2013-05-20 01:30:00,0.007807774
2013-05-20 02:00:00,0.0065530813
2013-05-20 02:30:00,0.018648095
2013-05-20 03:00:00,0.011562536
2013-05-20 03:30:00,0.054919384
2013-05-20 04:00:00,0.051772017
2013-05-20 04:30:00,0.06455096
2013-05-20 05:00:00,0.040933732
2013-05-20 05:30:00,0.20753355
2013-05-20 06:00:00,0.37398872
2013-05-20 06:30:00,1.086537
2013-05-20 07:00:00,4.524948
2013-05-20 07:30:00,16.323538
2013-05-20 08:00:00,37.765224
2013-05-20 08:30:00,60.453846
2013-05-20 09:00:00,81.318985
2013-05-20 09:30:00,95.59319
2013-05-20 10:00:00,110.067505
2013-05-20 10:30:00,130.35106
2013-05-20 11:00:00,138.86766
2013-05-20 11:30:00,141.25093
2013-05-20 12:00:00,144.569
2013-05-20 12:30:00,139.64708
2013-05-20 13:00:00,135.41983
2013-05-20 13:30:00,112.36849
2013-05-20 14:00:00,94.05248
2013-05-20 14:30:00,66.12693
2013-05-20 15:00:00,57.279774
2013-05-20 15:30:00,32.108147
2013-05-20 16:00:00,16.524744
2013-05-20 16:30:00,3.239545
2013-05-20 17:00:00,1.6902833
2013-05-20 17:30:00,0.49791113
2013-05-20 18:00:00,0.0
2013-05-20 18:30:00,0.0
2013-05-20 19:00:00,0.0
2013-05-20 19:30:00,0.0
2013-05-20 20:00:00,0.0
2013-05-20 20:30:00,0.0
2013-05-20 21:00:00,0.0
2013-05-20 21:30:00,0.0
2013-05-20 22:00:00,0.0
2013-05-20 22:30:00,0.0
2013-05-20 23:00:00,0.0
2013-05-20 23:30:00,0.0
2013-05-21 00:00:00,0.0
2013-05-21 00:30:00,0.0
2013-05-21 01:00:00,0.0
2013-05-21 01:30:00,0.0
2013-05-21 02:00:00,0.0
2013-05-21 02:30:00,0.0
2013-05-21 03:00:00,0.0
2013-05-21 03:30:00,0.0
2013-05-21 04:00:00,0.0
2013-05-21 04:30:00,0.0
2013-05-21 05:00:00,0.0
2013-05-21 05:30:00,0.10412262
2013-05-21 06:00:00,0.2841573
2013-05-21 06:30:00,0.98312634
2013-05-21 07:00:00,3.9860272
2013-05-21 07:30:00,13.440812
2013-05-21 08:00:00,36.365948
2013-05-21 08:30:00,62.65441
2013-05-21 09:00:00,86.54465
2013-05-21 09:30:00,100.869446
2013-05-21 10:00:00,118.867615
2013-05-21 10:30:00,121.50131
2013-05-21 11:00:00,127.51209
2013-05-21 11:30:00,123.831604
2013-05-21 12:00:00,128.972
2013-05-21 12:30:00,135.40642
2013-05-21 13:00:00,126.12469
2013-05-21 13:30:00,113.91352
2013-05-21 14:00:00,71.35387
2013-05-21 14:30:00,50.38548
2013-05-21 15:00:00,44.54005
2013-05-21 15:30:00,29.811237
2013-05-21 16:00:00,15.771318
2013-05-21 16:30:00,3.1062884
2013-05-21 17:00:00,1.566028
2013-05-21 17:30:00,0.8329985
2013-05-21 18:00:00,0.0
2013-05-21 18:30:00,0.0
2013-05-21 19:00:00,0.0
2013-05-21 19:30:00,0.0
2013-05-21 20:00:00,0.0
2013-05-21 20:30:00,0.0
2013-05-21 21:00:00,0.0
2013-05-21 21:30:00,0.0
2013-05-21 22:00:00,0.0
2013-05-21 22:30:00,0.0
2013-05-21 23:00:00,0.0
2013-05-21 23:30:00,0.0
2013-05-22 00:00:00,0.0
2013-05-22 00:30:00,0.0
2013-05-22 01:00:00,0.0
2013-05-22 01:30:00,0.0
2013-05-22 02:00:00,0.0
2013-05-22 02:30:00,0.0
2013-05-22 03:00:00,0.00041655317
2013-05-22 03:30:00,0.030193804
2013-05-22 04:00:00,0.03725871
2013-05-22 04:30:00,0.039825447
2013-05-22 05:00:00,0.029787732
2013-05-22 05:30:00,0.20363264
2013-05-22 06:00:00,0.3903241
2013-05-22 06:30:00,1.0926608
2013-05-22 07:00:00,4.3175683
2013-05-22 07:30:00,12.594985
2013-05-22 08:00:00,19.749224
2013-05-22 08:30:00,22.254938
2013-05-22 09:00:00,36.637
2013-05-22 09:30:00,51.55763
2013-05-22 10:00:00,72.98665
2013-05-22 10:30:00,78.317795
2013-05-22 11:00:00,79.98979
2013-05-22 11:30:00,52.907757
2013-05-22 12:00:00,56.669815
2013-05-22 12:30:00,52.45028
2013-05-22 13:00:00,49.21334
2013-05-22 13:30:00,27.422016
2013-05-22 14:00:00,19.66763
2013-05-22 14:30:00,15.253606
2013-05-22 15:00:00,12.340127
2013-05-22 15:30:00,10.225368
2013-05-22 16:00:00,9.133205
2013-05-22 16:30:00,3.050452
2013-05-22 17:00:00,2.1932065
2013-05-22 17:30:00,0.59597915
2013-05-22 18:00:00,0.0
2013-05-22 18:30:00,0.0
2013-05-22 19:00:00,0.0
2013-05-22 19:30:00,0.0
2013-05-22 20:00:00,0.0
2013-05-22 20:30:00,0.0
2013-05-22 21:00:00,0.0
2013-05-22 21:30:00,0.0
2013-05-22 22:00:00,0.0
2013-05-22 22:30:00,0.0
2013-05-22 23:00:00,0.0
2013-05-22 23:30:00,0.0
2013-05-23 00:00:00,0.018661948
2013-05-23 00:30:00,0.026215335
2013-05-23 01:00:00,0.02462422
2013-05-23 01:30:00,0.026215335
2013-05-23 02:00:00,0.035531003
2013-05-23 02:30:00,0.037122123
2013-05-23 03:00:00,0.040540468
2013-05-23 03:30:00,0.07339332
2013-05-23 04:00:00,0.0807499
2013-05-23 04:30:00,0.08302496
2013-05-23 05:00:00,0.069911696
2013-05-23 05:30:00,0.22777003
2013-05-23 06:00:00,0.40472922
2013-05-23 06:30:00,0.80081993
2013-05-23 07:00:00,2.8663218
2013-05-23 07:30:00,10.159814
2013-05-23 08:00:00,11.543095
2013-05-23 08:30:00,16.252855
2013-05-23 09:00:00,23.369778
2013-05-23 09:30:00,32.675056
2013-05-23 10:00:00,36.50485
2013-05-23 10:30:00,48.024956
2013-05-23 11:00:00,47.384468
2013-05-23 11:30:00,49.944527
2013-05-23 12:00:00,58.090355
2013-05-23 12:30:00,67.27246
2013-05-23 13:00:00,44.855568
2013-05-23 13:30:00,30.223356
2013-05-23 14:00:00,25.753412
2013-05-23 14:30:00,25.897116
2013-05-23 15:00:00,21.747324
2013-05-23 15:30:00,14.571328
2013-05-23 16:00:00,8.162507
2013-05-23 16:30:00,2.6546268
2013-05-23 17:00:00,1.3855281
2013-05-23 17:30:00,0.65475464
2013-05-23 18:00:00,0.0
2013-05-23 18:30:00,0.0
2013-05-23 19:00:00,0.0
2013-05-23 19:30:00,0.0
2013-05-23 20:00:00,0.0
2013-05-23 20:30:00,0.0
2013-05-23 21:00:00,0.0
2013-05-23 21:30:00,0.0
2013-05-23 22:00:00,0.0
2013-05-23 22:30:00,0.0
2013-05-23 23:00:00,0.0
2013-05-23 23:30:00,0.0
2013-05-24 00:00:00,0.0
2013-05-24 00:30:00,0.0
2013-05-24 01:00:00,0.0
2013-05-24 01:30:00,0.0
2013-05-24 02:00:00,0.007822134
2013-05-24 02:30:00,0.009413254
2013-05-24 03:00:00,0.012831589
2013-05-24 03:30:00,0.045684494
2013-05-24 04:00:00,0.053041015
2013-05-24 04:30:00,0.055316053
2013-05-24 05:00:00,0.042202782
2013-05-24 05:30:00,0.18062134
2013-05-24 06:00:00,0.36094767
2013-05-24 06:30:00,0.7510454
2013-05-24 07:00:00,2.8379984
2013-05-24 07:30:00,7.3813267
2013-05-24 08:00:00,15.924792
2013-05-24 08:30:00,31.913315
2013-05-24 09:00:00,56.263996
2013-05-24 09:30:00,80.72544
2013-05-24 10:00:00,100.57664
2013-05-24 10:30:00,109.93567
2013-05-24 11:00:00,120.6874
2013-05-24 11:30:00,90.38973
2013-05-24 12:00:00,70.916084
2013-05-24 12:30:00,75.577515
2013-05-24 13:00:00,67.31272
2013-05-24 13:30:00,58.47927
2013-05-24 14:00:00,50.922844
2013-05-24 14:30:00,40.14885
2013-05-24 15:00:00,37.5783
2013-05-24 15:30:00,31.829947
2013-05-24 16:00:00,18.869667
2013-05-24 16:30:00,4.083517
2013-05-24 17:00:00,1.4184142
2013-05-24 17:30:00,0.5906879
2013-05-24 18:00:00,0.0
2013-05-24 18:30:00,0.0
2013-05-24 19:00:00,0.0
2013-05-24 19:30:00,0.0
2013-05-24 20:00:00,0.000905084
2013-05-24 20:30:00,0.011575462
2013-05-24 21:00:00,0.026208421
2013-05-24 21:30:00,0.02205986
2013-05-24 22:00:00,0.023544354
2013-05-24 22:30:00,0.02205986
2013-05-24 23:00:00,0.031349584
2013-05-24 23:30:00,0.029865084
2013-05-25 00:00:00,0.06317703
2013-05-25 00:30:00,0.07102208
2013-05-25 01:00:00,0.072506584
2013-05-25 01:30:00,0.07102208
2013-05-25 02:00:00,0.083413295
2013-05-25 02:30:00,0.0819288
2013-05-25 03:00:00,0.08842275
2013-05-25 03:30:00,0.11820007
2013-05-25 04:00:00,0.12863226
2013-05-25 04:30:00,0.12783168
2013-05-25 05:00:00,0.11779401
2013-05-25 05:30:00,0.3016628
2013-05-25 06:00:00,0.48169726
2013-05-25 06:30:00,0.9022044
2013-05-25 07:00:00,3.092784
2013-05-25 07:30:00,11.192775
2013-05-25 08:00:00,19.107386
2013-05-25 08:30:00,46.723995
2013-05-25 09:00:00,67.97622
2013-05-25 09:30:00,89.28005
2013-05-25 10:00:00,104.79997
2013-05-25 10:30:00,115.4605
2013-05-25 11:00:00,131.87439
2013-05-25 11:30:00,125.906334
2013-05-25 12:00:00,118.871445
2013-05-25 12:30:00,123.40534
2013-05-25 13:00:00,121.054726
2013-05-25 13:30:00,114.96748
2013-05-25 14:00:00,91.28033
2013-05-25 14:30:00,71.51351
2013-05-25 15:00:00,53.178566
2013-05-25 15:30:00,37.22827
2013-05-25 16:00:00,17.999271
2013-05-25 16:30:00,3.6006467
2013-05-25 17:00:00,1.5521673
2013-05-25 17:30:00,0.6136121
2013-05-25 18:00:00,0.0
2013-05-25 18:30:00,0.0
2013-05-25 19:00:00,0.0
2013-05-25 19:30:00,0.0
2013-05-25 20:00:00,0.0
2013-05-25 20:30:00,0.0
2013-05-25 21:00:00,0.013784805
2013-05-25 21:30:00,0.00963625
2013-05-25 22:00:00,0.011120738
2013-05-25 22:30:00,0.00963625
2013-05-25 23:00:00,0.018925985
2013-05-25 23:30:00,0.017441485
2013-05-26 00:00:00,0.080481805
2013-05-26 00:30:00,0.110243365
2013-05-26 01:00:00,0.11172785
2013-05-26 01:30:00,0.110243365
2013-05-26 02:00:00,0.122634605
2013-05-26 02:30:00,0.121150106
2013-05-26 03:00:00,0.1276441
2013-05-26 03:30:00,0.15742138
2013-05-26 04:00:00,0.1678536
2013-05-26 04:30:00,0.167053
2013-05-26 05:00:00,0.15701532
2013-05-26 05:30:00,0.32252407
2013-05-26 06:00:00,0.53869784
2013-05-26 06:30:00,1.2495773
2013-05-26 07:00:00,3.696782
2013-05-26 07:30:00,13.585156
2013-05-26 08:00:00,36.754974
2013-05-26 08:30:00,59.673805
2013-05-26 09:00:00,84.18762
2013-05-26 09:30:00,102.76662
2013-05-26 10:00:00,121.77413
2013-05-26 10:30:00,126.00468
2013-05-26 11:00:00,140.09761
2013-05-26 11:30:00,139.77834
2013-05-26 12:00:00,137.10344
2013-05-26 12:30:00,136.53233
2013-05-26 13:00:00,129.80421
2013-05-26 13:30:00,113.06958
2013-05-26 14:00:00,96.67147
2013-05-26 14:30:00,82.74487
2013-05-26 15:00:00,52.468895
2013-05-26 15:30:00,32.101524
2013-05-26 16:00:00,16.68813
2013-05-26 16:30:00,3.8214636
2013-05-26 17:00:00,1.5403147
2013-05-26 17:30:00,0.66403383
2013-05-26 18:00:00,0.0063543306
2013-05-26 18:30:00,0.025158098
2013-05-26 19:00:00,0.021972688
2013-05-26 19:30:00,0.023563812
2013-05-26 20:00:00,0.031910628
2013-05-26 20:30:00,0.04258103
2013-05-26 21:00:00,0.05721394
2013-05-26 21:30:00,0.053065382
2013-05-26 22:00:00,0.054549865
2013-05-26 22:30:00,0.053065382
2013-05-26 23:00:00,0.062355135
2013-05-26 23:30:00,0.060870647
2013-05-27 00:00:00,0.0
2013-05-27 00:30:00,0.0
2013-05-27 01:00:00,0.0
2013-05-27 01:30:00,0.0
2013-05-27 02:00:00,0.0
2013-05-27 02:30:00,0.0
2013-05-27 03:00:00,0.0
2013-05-27 03:30:00,0.0
2013-05-27 04:00:00,0.0
2013-05-27 04:30:00,0.0
2013-05-27 05:00:00,0.0
2013-05-27 05:30:00,0.0
2013-05-27 06:00:00,0.0030775433
2013-05-27 06:30:00,0.74004054
2013-05-27 07:00:00,4.244916
2013-05-27 07:30:00,13.104895
2013-05-27 08:00:00,20.863049
2013-05-27 08:30:00,21.03194
2013-05-27 09:00:00,22.730522
2013-05-27 09:30:00,29.347393
2013-05-27 10:00:00,51.508614
2013-05-27 10:30:00,62.714798
2013-05-27 11:00:00,86.80086
2013-05-27 11:30:00,93.6866
2013-05-27 12:00:00,88.55709
2013-05-27 12:30:00,78.19643
2013-05-27 13:00:00,84.35295
2013-05-27 13:30:00,77.30644
2013-05-27 14:00:00,61.5685
2013-05-27 14:30:00,55.80842
2013-05-27 15:00:00,46.890728
2013-05-27 15:30:00,27.68807
2013-05-27 16:00:00,14.835153
2013-05-27 16:30:00,4.2020965
2013-05-27 17:00:00,1.8212063
2013-05-27 17:30:00,0.7198677
2013-05-27 18:00:00,0.025338067
2013-05-27 18:30:00,0.060326874
2013-05-27 19:00:00,0.019857094
2013-05-27 19:30:00,0.021448212
2013-05-27 20:00:00,0.029795012
2013-05-27 20:30:00,0.037823953
2013-05-27 21:00:00,0.017440362
2013-05-27 21:30:00,0.016367415
2013-05-27 22:00:00,0.014776297
2013-05-27 22:30:00,0.016367415
2013-05-27 23:00:00,0.019214254
2013-05-27 23:30:00,0.024172647
2013-05-28 00:00:00,0.48196086
2013-05-28 00:30:00,0.48951423
2013-05-28 01:00:00,0.48792312
2013-05-28 01:30:00,0.48951423
2013-05-28 02:00:00,0.50686735
2013-05-28 02:30:00,0.50845844
2013-05-28 03:00:00,0.50850946
2013-05-28 03:30:00,0.5413623
2013-05-28 04:00:00,0.55208606
2013-05-28 04:30:00,0.5543611
2013-05-28 05:00:00,0.54124784
2013-05-28 05:30:00,0.7281923
2013-05-28 06:00:00,0.9051514
2013-05-28 06:30:00,1.4712679
2013-05-28 07:00:00,3.7816908
2013-05-28 07:30:00,11.882557
2013-05-28 08:00:00,18.97949
2013-05-28 08:30:00,21.011534
2013-05-28 09:00:00,34.32631
2013-05-28 09:30:00,32.17297
2013-05-28 10:00:00,54.071457
2013-05-28 10:30:00,62.390907
2013-05-28 11:00:00,79.09279
2013-05-28 11:30:00,93.14137
2013-05-28 12:00:00,88.64658
2013-05-28 12:30:00,84.58607
2013-05-28 13:00:00,86.59102
2013-05-28 13:30:00,72.09577
2013-05-28 14:00:00,59.622597
2013-05-28 14:30:00,39.59512
2013-05-28 15:00:00,32.753872
2013-05-28 15:30:00,22.881697
2013-05-28 16:00:00,10.751934
2013-05-28 16:30:00,3.2057729
2013-05-28 17:00:00,2.1559281
2013-05-28 17:30:00,1.2098829
2013-05-28 18:00:00,0.45639548
2013-05-28 18:30:00,0.4515491
2013-05-28 19:00:00,0.44995797
2013-05-28 19:30:00,0.4515491
2013-05-28 20:00:00,0.4598959
2013-05-28 20:30:00,0.46792483
2013-05-28 21:00:00,0.44754124
2013-05-28 21:30:00,0.4464683
2013-05-28 22:00:00,0.44487718
2013-05-28 22:30:00,0.4464683
2013-05-28 23:00:00,0.4526824
2013-05-28 23:30:00,0.45427355
2013-05-29 00:00:00,0.48196086
2013-05-29 00:30:00,0.48951423
2013-05-29 01:00:00,0.48792312
2013-05-29 01:30:00,0.48951423
2013-05-29 02:00:00,0.50686735
2013-05-29 02:30:00,0.50845844
2013-05-29 03:00:00,0.5118768
2013-05-29 03:30:00,0.5413623
2013-05-29 04:00:00,0.55208606
2013-05-29 04:30:00,0.5543611
2013-05-29 05:00:00,0.54124784
2013-05-29 05:30:00,0.7281923
2013-05-29 06:00:00,0.9051514
2013-05-29 06:30:00,1.4712679
2013-05-29 07:00:00,3.522326
2013-05-29 07:30:00,11.408652
2013-05-29 08:00:00,21.467588
2013-05-29 08:30:00,42.219387
2013-05-29 09:00:00,60.54509
2013-05-29 09:30:00,82.87356
2013-05-29 10:00:00,95.61293
2013-05-29 10:30:00,103.55843
2013-05-29 11:00:00,115.21961
2013-05-29 11:30:00,112.61758
2013-05-29 12:00:00,115.37123
2013-05-29 12:30:00,124.02186
2013-05-29 13:00:00,121.40376
2013-05-29 13:30:00,107.30007
2013-05-29 14:00:00,86.42726
2013-05-29 14:30:00,67.40223
2013-05-29 15:00:00,45.20771
2013-05-29 15:30:00,26.236055
2013-05-29 16:00:00,13.438017
2013-05-29 16:30:00,4.272606
2013-05-29 17:00:00,1.4478631
2013-05-29 17:30:00,0.8994918
2013-05-29 18:00:00,0.0
2013-05-29 18:30:00,0.0
2013-05-29 19:00:00,0.0
2013-05-29 19:30:00,0.0
2013-05-29 20:00:00,0.0
2013-05-29 20:30:00,0.0030866966
2013-05-29 21:00:00,0.017719641
2013-05-29 21:30:00,0.013571085
2013-05-29 22:00:00,0.015055576
2013-05-29 22:30:00,0.013571085
2013-05-29 23:00:00,0.022860812
2013-05-29 23:30:00,0.021376317
2013-05-30 00:00:00,0.047028046
2013-05-30 00:30:00,0.062978365
2013-05-30 01:00:00,0.06446284
2013-05-30 01:30:00,0.062978365
2013-05-30 02:00:00,0.075369634
2013-05-30 02:30:00,0.07388513
2013-05-30 03:00:00,0.08037909
2013-05-30 03:30:00,0.12228495
2013-05-30 04:00:00,0.16698387
2013-05-30 04:30:00,0.1661833
2013-05-30 05:00:00,0.15614566
2013-05-30 05:30:00,0.3400143
2013-05-30 06:00:00,0.49791706
2013-05-30 06:30:00,1.3562168
2013-05-30 07:00:00,3.5915406
2013-05-30 07:30:00,12.507004
2013-05-30 08:00:00,24.088799
2013-05-30 08:30:00,50.49968
2013-05-30 09:00:00,73.48234
2013-05-30 09:30:00,94.504944
2013-05-30 10:00:00,108.20417
2013-05-30 10:30:00,121.91269
2013-05-30 11:00:00,124.58002
2013-05-30 11:30:00,122.03441
2013-05-30 12:00:00,131.11073
2013-05-30 12:30:00,127.552216
2013-05-30 13:00:00,121.05928
2013-05-30 13:30:00,117.93655
2013-05-30 14:00:00,96.43582
2013-05-30 14:30:00,61.020554
2013-05-30 15:00:00,40.737972
2013-05-30 15:30:00,26.296846
2013-05-30 16:00:00,15.105048
2013-05-30 16:30:00,3.6657057
2013-05-30 17:00:00,1.3312529
2013-05-30 17:30:00,0.77611315
2013-05-30 18:00:00,0.0
2013-05-30 18:30:00,0.0017230826
2013-05-30 19:00:00,0.0001319624
2013-05-30 19:30:00,0.0017230826
2013-05-30 20:00:00,0.010069904
2013-05-30 20:30:00,0.020740293
2013-05-30 21:00:00,0.03537324
2013-05-30 21:30:00,0.031224674
2013-05-30 22:00:00,0.032709178
2013-05-30 22:30:00,0.027857395
2013-05-30 23:00:00,0.040514417
2013-05-30 23:30:00,0.039029922
2013-05-31 00:00:00,0.43576
2013-05-31 00:30:00,0.4368704
2013-05-31 01:00:00,0.4383549
2013-05-31 01:30:00,0.44023767
2013-05-31 02:00:00,0.45262894
2013-05-31 02:30:00,0.44777715
2013-05-31 03:00:00,0.4661678
2013-05-31 03:30:00,0.4954613
2013-05-31 04:00:00,0.5401599
2013-05-31 04:30:00,0.5519718
2013-05-31 05:00:00,0.5304724
2013-05-31 05:30:00,0.6988364
2013-05-31 06:00:00,0.94466233
2013-05-31 06:30:00,2.1411316
2013-05-31 07:00:00,4.4905906
2013-05-31 07:30:00,12.932833
2013-05-31 08:00:00,33.115807
2013-05-31 08:30:00,53.03705
2013-05-31 09:00:00,76.71024
2013-05-31 09:30:00,98.03465
2013-05-31 10:00:00,110.9305
2013-05-31 10:30:00,125.98075
2013-05-31 11:00:00,126.443985
2013-05-31 11:30:00,123.68178
2013-05-31 12:00:00,130.8997
2013-05-31 12:30:00,129.75258
2013-05-31 13:00:00,121.62045
2013-05-31 13:30:00,111.779884
2013-05-31 14:00:00,97.99714
2013-05-31 14:30:00,79.733986
2013-05-31 15:00:00,49.046883
2013-05-31 15:30:00,29.127941
2013-05-31 16:00:00,17.031813
2013-05-31 16:30:00,3.3666265
2013-05-31 17:00:00,1.3701745
2013-05-31 17:30:00,0.5695535
2013-05-31 18:00:00,0.0
2013-05-31 18:30:00,0.0
2013-05-31 19:00:00,0.0
2013-05-31 19:30:00,0.0
2013-05-31 20:00:00,0.0
2013-05-31 20:30:00,0.0
2013-05-31 21:00:00,0.0
2013-05-31 21:30:00,0.0
2013-05-31 22:00:00,0.0
2013-05-31 22:30:00,0.0
2013-05-31 23:00:00,0.0
2013-05-31 23:30:00,0.0
2013-06-01 00:00:00,0.0
2013-06-01 00:30:00,0.0
2013-06-01 01:00:00,0.0
2013-06-01 01:30:00,0.0
2013-06-01 02:00:00,0.0
2013-06-01 02:30:00,0.0
2013-06-01 03:00:00,0.0
2013-06-01 03:30:00,0.0
2013-06-01 04:00:00,0.0
2013-06-01 04:30:00,0.0
2013-06-01 05:00:00,0.0
2013-06-01 05:30:00,0.07464161
2013-06-01 06:00:00,0.27399173
2013-06-01 06:30:00,1.1277374
2013-06-01 07:00:00,2.7154589
2013-06-01 07:30:00,11.938449
2013-06-01 08:00:00,20.458368
2013-06-01 08:30:00,36.52147
2013-06-01 09:00:00,58.11084
2013-06-01 09:30:00,80.38345
2013-06-01 10:00:00,86.15765
2013-06-01 10:30:00,82.59873
2013-06-01 11:00:00,97.45431
2013-06-01 11:30:00,88.94513
2013-06-01 12:00:00,78.94072
2013-06-01 12:30:00,72.22769
2013-06-01 13:00:00,56.059002
2013-06-01 13:30:00,49.164646
2013-06-01 14:00:00,39.522957
2013-06-01 14:30:00,27.274862
2013-06-01 15:00:00,10.379429
2013-06-01 15:30:00,6.2750063
2013-06-01 16:00:00,9.468546
2013-06-01 16:30:00,3.7477024
2013-06-01 17:00:00,2.8854105
2013-06-01 17:30:00,0.91736126
2013-06-01 18:00:00,0.0
2013-06-01 18:30:00,0.0
2013-06-01 19:00:00,0.0
2013-06-01 19:30:00,0.0
2013-06-01 20:00:00,0.0
2013-06-01 20:30:00,0.0
2013-06-01 21:00:00,0.0
2013-06-01 21:30:00,0.0
2013-06-01 22:00:00,0.0
2013-06-01 22:30:00,0.0
2013-06-01 23:00:00,0.0
2013-06-01 23:30:00,0.0
2013-06-02 00:00:00,0.0
2013-06-02 00:30:00,0.016650677
2013-06-02 01:00:00,0.015059562
2013-06-02 01:30:00,0.016650677
2013-06-02 02:00:00,0.032197885
2013-06-02 02:30:00,0.03378899
2013-06-02 03:00:00,0.036681287
2013-06-02 03:30:00,0.06046001
2013-06-02 04:00:00,0.04448864
2013-06-02 04:30:00,0.046763707
2013-06-02 05:00:00,0.030598892
2013-06-02 05:30:00,0.18969603
2013-06-02 06:00:00,0.42210993
2013-06-02 06:30:00,1.0612007
2013-06-02 07:00:00,2.9661403
2013-06-02 07:30:00,11.739408
2013-06-02 08:00:00,10.735942
2013-06-02 08:30:00,7.798074
2013-06-02 09:00:00,8.431935
2013-06-02 09:30:00,10.215226
2013-06-02 10:00:00,15.510605
2013-06-02 10:30:00,24.207794
2013-06-02 11:00:00,31.022106
2013-06-02 11:30:00,30.24804
2013-06-02 12:00:00,22.421158
2013-06-02 12:30:00,14.327842
2013-06-02 13:00:00,12.259658
2013-06-02 13:30:00,12.297969
2013-06-02 14:00:00,12.339362
2013-06-02 14:30:00,21.77846
2013-06-02 15:00:00,28.898764
2013-06-02 15:30:00,29.84093
2013-06-02 16:00:00,15.812263
2013-06-02 16:30:00,4.695388
2013-06-02 17:00:00,1.7690811
2013-06-02 17:30:00,0.78220445
2013-06-02 18:00:00,0.0
2013-06-02 18:30:00,0.0
2013-06-02 19:00:00,0.0065923003
2013-06-02 19:30:00,0.008183418
2013-06-02 20:00:00,0.012943644
2013-06-02 20:30:00,0.017605297
2013-06-02 21:00:00,0.03252991
2013-06-02 21:30:00,0.031456955
2013-06-02 22:00:00,0.029865844
2013-06-02 22:30:00,0.031456955
2013-06-02 23:00:00,0.037671063
2013-06-02 23:30:00,0.039262187
2013-06-03 00:00:00,0.030173054
2013-06-03 00:30:00,0.035780426
2013-06-03 01:00:00,0.03418931
2013-06-03 01:30:00,0.035780426
2013-06-03 02:00:00,0.045029663
2013-06-03 02:30:00,0.04662078
2013-06-03 03:00:00,0.049513076
2013-06-03 03:30:00,0.08236592
2013-06-03 04:00:00,0.089722484
2013-06-03 04:30:00,0.09199753
2013-06-03 05:00:00,0.07888423
2013-06-03 05:30:00,0.22067024
2013-06-03 06:00:00,0.41726062
2013-06-03 06:30:00,1.317814
2013-06-03 07:00:00,3.287805
2013-06-03 07:30:00,7.7811127
2013-06-03 08:00:00,17.679825
2013-06-03 08:30:00,38.076675
2013-06-03 09:00:00,66.654976
2013-06-03 09:30:00,85.73946
2013-06-03 10:00:00,91.98995
2013-06-03 10:30:00,103.064575
2013-06-03 11:00:00,119.465355
2013-06-03 11:30:00,105.85285
2013-06-03 12:00:00,97.567726
2013-06-03 12:30:00,96.44446
2013-06-03 13:00:00,103.75749
2013-06-03 13:30:00,103.52292
2013-06-03 14:00:00,99.60388
2013-06-03 14:30:00,89.18662
2013-06-03 15:00:00,59.257957
2013-06-03 15:30:00,34.436485
2013-06-03 16:00:00,18.811989
2013-06-03 16:30:00,3.4678385
2013-06-03 17:00:00,1.8917072
2013-06-03 17:30:00,0.6933463
2013-06-03 18:00:00,0.029648932
2013-06-03 18:30:00,0.06127053
2013-06-03 19:00:00,0.06304668
2013-06-03 19:30:00,0.06463778
2013-06-03 20:00:00,0.07298459
2013-06-03 20:30:00,0.09723448
2013-06-03 21:00:00,0.06634698
2013-06-03 21:30:00,0.07577795
2013-06-03 22:00:00,0.06368292
2013-06-03 22:30:00,0.07577795
2013-06-03 23:00:00,0.071488164
2013-06-03 23:30:00,0.08358321
2013-06-04 00:00:00,0.1132717
2013-06-04 00:30:00,0.1124362
2013-06-04 01:00:00,0.10167277
2013-06-04 01:30:00,0.11580347
2013-06-04 02:00:00,0.1281283
2013-06-04 02:30:00,0.16101217
2013-06-04 03:00:00,0.16698007
2013-06-04 03:30:00,0.19675732
2013-06-04 04:00:00,0.20718949
2013-06-04 04:30:00,0.20638892
2013-06-04 05:00:00,0.19635123
2013-06-04 05:30:00,0.3088138
2013-06-04 06:00:00,0.5084798
2013-06-04 06:30:00,1.1112633
2013-06-04 07:00:00,3.6607444
2013-06-04 07:30:00,12.123025
2013-06-04 08:00:00,22.328314
2013-06-04 08:30:00,41.994976
2013-06-04 09:00:00,67.04983
2013-06-04 09:30:00,85.03391
2013-06-04 10:00:00,98.777245
2013-06-04 10:30:00,119.3095
2013-06-04 11:00:00,125.85909
2013-06-04 11:30:00,132.4453
2013-06-04 12:00:00,123.88003
2013-06-04 12:30:00,125.10397
2013-06-04 13:00:00,128.20317
2013-06-04 13:30:00,115.708626
2013-06-04 14:00:00,95.6554
2013-06-04 14:30:00,71.88807
2013-06-04 15:00:00,46.247868
2013-06-04 15:30:00,27.175253
2013-06-04 16:00:00,16.982231
2013-06-04 16:30:00,2.7426293
2013-06-04 17:00:00,1.8309095
2013-06-04 17:30:00,0.97226447
2013-06-04 18:00:00,0.029049946
2013-06-04 18:30:00,0.06403876
2013-06-04 19:00:00,0.06244766
2013-06-04 19:30:00,0.048423536
2013-06-04 20:00:00,0.072385594
2013-06-04 20:30:00,0.08305598
2013-06-04 21:00:00,0.06574797
2013-06-04 21:30:00,0.061599415
2013-06-04 22:00:00,0.0474687
2013-06-04 22:30:00,0.061599415
2013-06-04 23:00:00,0.07088916
2013-06-04 23:30:00,0.05378945
2013-06-05 00:00:00,0.083351076
2013-06-05 00:30:00,0.08588288
2013-06-05 01:00:00,0.08736737
2013-06-05 01:30:00,0.08588288
2013-06-05 02:00:00,0.0982077
2013-06-05 02:30:00,0.1310916
2013-06-05 03:00:00,0.13705945
2013-06-05 03:30:00,0.16683672
2013-06-05 04:00:00,0.17726889
2013-06-05 04:30:00,0.17646833
2013-06-05 05:00:00,0.16643064
2013-06-05 05:30:00,0.27889323
2013-06-05 06:00:00,0.47855926
2013-06-05 06:30:00,0.93606925
2013-06-05 07:00:00,3.630824
2013-06-05 07:30:00,10.742783
2013-06-05 08:00:00,23.713076
2013-06-05 08:30:00,38.2596
2013-06-05 09:00:00,43.4284
2013-06-05 09:30:00,35.740128
2013-06-05 10:00:00,35.856247
2013-06-05 10:30:00,60.620014
2013-06-05 11:00:00,99.86182
2013-06-05 11:30:00,119.704605
2013-06-05 12:00:00,95.33272
2013-06-05 12:30:00,114.036194
2013-06-05 13:00:00,101.10662
2013-06-05 13:30:00,69.89075
2013-06-05 14:00:00,56.84992
2013-06-05 14:30:00,51.50695
2013-06-05 15:00:00,32.53304
2013-06-05 15:30:00,27.96436
2013-06-05 16:00:00,13.794696
2013-06-05 16:30:00,4.1034803
2013-06-05 17:00:00,2.3248498
2013-06-05 17:30:00,1.2644899
2013-06-05 18:00:00,0.14377137
2013-06-05 18:30:00,0.13892503
2013-06-05 19:00:00,0.13733391
2013-06-05 19:30:00,0.11994251
2013-06-05 20:00:00,0.1316566
2013-06-05 20:30:00,0.15530069
2013-06-05 21:00:00,0.16685802
2013-06-05 21:30:00,0.16578507
2013-06-05 22:00:00,0.16419394
2013-06-05 22:30:00,0.16578507
2013-06-05 23:00:00,0.1719992
2013-06-05 23:30:00,0.17359033
2013-06-06 00:00:00,0.09945288
2013-06-06 00:30:00,0.10506026
2013-06-06 01:00:00,0.10346915
2013-06-06 01:30:00,0.10506026
2013-06-06 02:00:00,0.120607466
2013-06-06 02:30:00,0.12219859
2013-06-06 03:00:00,0.12509088
2013-06-06 03:30:00,0.15794371
2013-06-06 04:00:00,0.15316655
2013-06-06 04:30:00,0.16179296
2013-06-06 05:00:00,0.14867969
2013-06-06 05:30:00,0.33562425
2013-06-06 06:00:00,0.49746573
2013-06-06 06:30:00,1.4315329
2013-06-06 07:00:00,4.0111465
2013-06-06 07:30:00,11.380147
2013-06-06 08:00:00,18.977116
2013-06-06 08:30:00,27.794786
2013-06-06 09:00:00,56.412533
2013-06-06 09:30:00,75.617775
2013-06-06 10:00:00,91.06133
2013-06-06 10:30:00,93.566315
2013-06-06 11:00:00,84.29705
2013-06-06 11:30:00,71.65265
2013-06-06 12:00:00,60.137405
2013-06-06 12:30:00,59.504444
2013-06-06 13:00:00,58.354748
2013-06-06 13:30:00,53.067043
2013-06-06 14:00:00,35.32467
2013-06-06 14:30:00,18.503218
2013-06-06 15:00:00,12.643802
2013-06-06 15:30:00,10.000014
2013-06-06 16:00:00,11.43882
2013-06-06 16:30:00,4.139851
2013-06-06 17:00:00,2.7153406
2013-06-06 17:30:00,1.0192919
2013-06-06 18:00:00,0.0
2013-06-06 18:30:00,0.0
2013-06-06 19:00:00,0.0
2013-06-06 19:30:00,0.0
2013-06-06 20:00:00,0.0
2013-06-06 20:30:00,0.0
2013-06-06 21:00:00,0.0
2013-06-06 21:30:00,0.0
2013-06-06 22:00:00,0.0
2013-06-06 22:30:00,0.0
2013-06-06 23:00:00,0.0
2013-06-06 23:30:00,0.0
2013-06-07 00:00:00,0.0
2013-06-07 00:30:00,0.0
2013-06-07 01:00:00,0.0
2013-06-07 01:30:00,0.0
2013-06-07 02:00:00,0.0
2013-06-07 02:30:00,0.0
2013-06-07 03:00:00,0.0
2013-06-07 03:30:00,0.0
2013-06-07 04:00:00,0.0
2013-06-07 04:30:00,0.0
2013-06-07 05:00:00,0.0
2013-06-07 05:30:00,0.15377295
2013-06-07 06:00:00,0.5962651
2013-06-07 06:30:00,0.9596869
2013-06-07 07:00:00,3.5502203
2013-06-07 07:30:00,11.151507
2013-06-07 08:00:00,12.686716
2013-06-07 08:30:00,10.849472
2013-06-07 09:00:00,17.572212
2013-06-07 09:30:00,23.014349
2013-06-07 10:00:00,28.888947
2013-06-07 10:30:00,32.690784
2013-06-07 11:00:00,34.430496
2013-06-07 11:30:00,61.83747
2013-06-07 12:00:00,80.38571
2013-06-07 12:30:00,65.08111
2013-06-07 13:00:00,76.67893
2013-06-07 13:30:00,54.01739
2013-06-07 14:00:00,43.87794
2013-06-07 14:30:00,38.321552
2013-06-07 15:00:00,37.056385
2013-06-07 15:30:00,25.787258
2013-06-07 16:00:00,11.209479
2013-06-07 16:30:00,2.5773444
2013-06-07 17:00:00,1.5256917
2013-06-07 17:30:00,0.6023039
2013-06-07 18:00:00,0.0
2013-06-07 18:30:00,0.0
2013-06-07 19:00:00,0.0
2013-06-07 19:30:00,0.0
2013-06-07 20:00:00,0.0
2013-06-07 20:30:00,0.0
2013-06-07 21:00:00,0.0
2013-06-07 21:30:00,0.0
2013-06-07 22:00:00,0.0
2013-06-07 22:30:00,0.0
2013-06-07 23:00:00,0.0
2013-06-07 23:30:00,0.0
2013-06-08 00:00:00,0.0
2013-06-08 00:30:00,0.0
2013-06-08 01:00:00,0.0
2013-06-08 01:30:00,0.0
2013-06-08 02:00:00,0.0
2013-06-08 02:30:00,0.0
2013-06-08 03:00:00,0.0
2013-06-08 03:30:00,0.0
2013-06-08 04:00:00,0.0
2013-06-08 04:30:00,0.0
2013-06-08 05:00:00,0.0
2013-06-08 05:30:00,0.10444862
2013-06-08 06:00:00,0.25618905
2013-06-08 06:30:00,0.8316924
2013-06-08 07:00:00,3.3174057
2013-06-08 07:30:00,8.218514
2013-06-08 08:00:00,14.25067
2013-06-08 08:30:00,23.384708
2013-06-08 09:00:00,31.67246
2013-06-08 09:30:00,50.12127
2013-06-08 10:00:00,75.275055
2013-06-08 10:30:00,74.01486
2013-06-08 11:00:00,73.66312
2013-06-08 11:30:00,83.57624
2013-06-08 12:00:00,74.01469
2013-06-08 12:30:00,70.699326
2013-06-08 13:00:00,69.691124
2013-06-08 13:30:00,60.131233
2013-06-08 14:00:00,31.446836
2013-06-08 14:30:00,24.03446
2013-06-08 15:00:00,16.462492
2013-06-08 15:30:00,13.510807
2013-06-08 16:00:00,7.975728
2013-06-08 16:30:00,3.9288676
2013-06-08 17:00:00,1.3027365
2013-06-08 17:30:00,0.5577681
2013-06-08 18:00:00,0.0
2013-06-08 18:30:00,0.0
2013-06-08 19:00:00,0.0
2013-06-08 19:30:00,0.0
2013-06-08 20:00:00,0.0
2013-06-08 20:30:00,0.0
2013-06-08 21:00:00,0.0
2013-06-08 21:30:00,0.0
2013-06-08 22:00:00,0.0
2013-06-08 22:30:00,0.0
2013-06-08 23:00:00,0.0
2013-06-08 23:30:00,0.0
2013-06-09 00:00:00,0.0
2013-06-09 00:30:00,0.0
2013-06-09 01:00:00,0.0
2013-06-09 01:30:00,0.0
2013-06-09 02:00:00,0.0
2013-06-09 02:30:00,0.0
2013-06-09 03:00:00,0.0
2013-06-09 03:30:00,0.0
2013-06-09 04:00:00,0.0
2013-06-09 04:30:00,0.0
2013-06-09 05:00:00,0.0
2013-06-09 05:30:00,0.07214135
2013-06-09 06:00:00,0.24844831
2013-06-09 06:30:00,0.63284135
2013-06-09 07:00:00,3.0277133
2013-06-09 07:30:00,7.7820067
2013-06-09 08:00:00,21.471317
2013-06-09 08:30:00,45.471695
2013-06-09 09:00:00,70.35838
2013-06-09 09:30:00,92.53362
2013-06-09 10:00:00,102.19734
2013-06-09 10:30:00,112.51141
2013-06-09 11:00:00,111.81143
2013-06-09 11:30:00,109.29235
2013-06-09 12:00:00,114.70461
2013-06-09 12:30:00,109.22507
2013-06-09 13:00:00,96.527954
2013-06-09 13:30:00,60.331615
2013-06-09 14:00:00,41.407818
2013-06-09 14:30:00,38.03443
2013-06-09 15:00:00,35.1996
2013-06-09 15:30:00,19.242594
2013-06-09 16:00:00,11.387164
2013-06-09 16:30:00,2.2856178
2013-06-09 17:00:00,0.9495929
2013-06-09 17:30:00,0.71246505
2013-06-09 18:00:00,0.0
2013-06-09 18:30:00,0.0
2013-06-09 19:00:00,0.0
2013-06-09 19:30:00,0.0
2013-06-09 20:00:00,0.0
2013-06-09 20:30:00,0.0
2013-06-09 21:00:00,0.0
2013-06-09 21:30:00,0.0
2013-06-09 22:00:00,0.0
2013-06-09 22:30:00,0.0
2013-06-09 23:00:00,0.0
2013-06-09 23:30:00,0.0
2013-06-10 00:00:00,0.0
2013-06-10 00:30:00,0.0
2013-06-10 01:00:00,0.0
2013-06-10 01:30:00,0.0
2013-06-10 02:00:00,0.0
2013-06-10 02:30:00,0.0
2013-06-10 03:00:00,0.0
2013-06-10 03:30:00,0.0
2013-06-10 04:00:00,0.0
2013-06-10 04:30:00,0.092132665
2013-06-10 05:00:00,0.0
2013-06-10 05:30:00,0.15292422
2013-06-10 06:00:00,0.27922085
2013-06-10 06:30:00,0.8952152
2013-06-10 07:00:00,3.392103
2013-06-10 07:30:00,11.135581
2013-06-10 08:00:00,22.184443
2013-06-10 08:30:00,50.549828
2013-06-10 09:00:00,61.12233
2013-06-10 09:30:00,84.09701
2013-06-10 10:00:00,104.99297
2013-06-10 10:30:00,107.208466
2013-06-10 11:00:00,91.73147
2013-06-10 11:30:00,101.109535
2013-06-10 12:00:00,105.34137
2013-06-10 12:30:00,97.76673
2013-06-10 13:00:00,91.00852
2013-06-10 13:30:00,71.9858
2013-06-10 14:00:00,53.905342
2013-06-10 14:30:00,30.814903
2013-06-10 15:00:00,13.438065
2013-06-10 15:30:00,11.12629
2013-06-10 16:00:00,10.624982
2013-06-10 16:30:00,3.159889
2013-06-10 17:00:00,1.6561754
2013-06-10 17:30:00,0.514808
2013-06-10 18:00:00,0.0
2013-06-10 18:30:00,0.0
2013-06-10 19:00:00,0.0
2013-06-10 19:30:00,0.0
2013-06-10 20:00:00,0.0
2013-06-10 20:30:00,0.0
2013-06-10 21:00:00,0.0
2013-06-10 21:30:00,0.0
2013-06-10 22:00:00,0.0
2013-06-10 22:30:00,0.0
2013-06-10 23:00:00,0.0
2013-06-10 23:30:00,0.0
2013-06-11 00:00:00,0.0
2013-06-11 00:30:00,0.0
2013-06-11 01:00:00,0.0
2013-06-11 01:30:00,0.0
2013-06-11 02:00:00,0.0
2013-06-11 02:30:00,0.0
2013-06-11 03:00:00,0.0
2013-06-11 03:30:00,0.0
2013-06-11 04:00:00,0.0
2013-06-11 04:30:00,0.0
2013-06-11 05:00:00,0.0
2013-06-11 05:30:00,0.12002384
2013-06-11 06:00:00,0.2732911
2013-06-11 06:30:00,0.5938763
2013-06-11 07:00:00,2.6681087
2013-06-11 07:30:00,10.579022
2013-06-11 08:00:00,21.180466
2013-06-11 08:30:00,48.937733
2013-06-11 09:00:00,67.887634
2013-06-11 09:30:00,93.75811
2013-06-11 10:00:00,108.292175
2013-06-11 10:30:00,121.518585
2013-06-11 11:00:00,131.5463
2013-06-11 11:30:00,127.05128
2013-06-11 12:00:00,130.82431
2013-06-11 12:30:00,128.959
2013-06-11 13:00:00,124.94526
2013-06-11 13:30:00,108.65804
2013-06-11 14:00:00,84.76463
2013-06-11 14:30:00,52.976856
2013-06-11 15:00:00,37.06226
2013-06-11 15:30:00,21.15123
2013-06-11 16:00:00,13.878464
2013-06-11 16:30:00,1.7796791
2013-06-11 17:00:00,1.1780479
2013-06-11 17:30:00,0.48840493
2013-06-11 18:00:00,0.0
2013-06-11 18:30:00,0.0
2013-06-11 19:00:00,0.0
2013-06-11 19:30:00,0.0
2013-06-11 20:00:00,0.0
2013-06-11 20:30:00,0.0
2013-06-11 21:00:00,0.0
2013-06-11 21:30:00,0.0
2013-06-11 22:00:00,0.0
2013-06-11 22:30:00,0.0
2013-06-11 23:00:00,0.0
2013-06-11 23:30:00,0.0
2013-06-12 00:00:00,0.0
2013-06-12 00:30:00,0.0
2013-06-12 01:00:00,0.0
2013-06-12 01:30:00,0.0
2013-06-12 02:00:00,0.0
2013-06-12 02:30:00,0.0
2013-06-12 03:00:00,0.0
2013-06-12 03:30:00,0.0
2013-06-12 04:00:00,0.0
2013-06-12 04:30:00,0.0
2013-06-12 05:00:00,0.0
2013-06-12 05:30:00,0.14134012
2013-06-12 06:00:00,0.2845834
2013-06-12 06:30:00,0.88363117
2013-06-12 07:00:00,3.1390526
2013-06-12 07:30:00,11.543181
2013-06-12 08:00:00,15.524706
2013-06-12 08:30:00,19.514189
2013-06-12 09:00:00,38.222355
2013-06-12 09:30:00,44.923466
2013-06-12 10:00:00,66.36028
2013-06-12 10:30:00,52.105923
2013-06-12 11:00:00,43.983894
2013-06-12 11:30:00,49.783615
2013-06-12 12:00:00,48.38602
2013-06-12 12:30:00,21.076658
2013-06-12 13:00:00,9.951986
2013-06-12 13:30:00,12.766246
2013-06-12 14:00:00,14.690157
2013-06-12 14:30:00,13.175893
2013-06-12 15:00:00,14.734661
2013-06-12 15:30:00,23.519245
2013-06-12 16:00:00,9.552865
2013-06-12 16:30:00,3.516878
2013-06-12 17:00:00,1.3152808
2013-06-12 17:30:00,0.33602974
2013-06-12 18:00:00,0.0
2013-06-12 18:30:00,0.0
2013-06-12 19:00:00,0.0
2013-06-12 19:30:00,0.0
2013-06-12 20:00:00,0.0
2013-06-12 20:30:00,0.0
2013-06-12 21:00:00,0.0
2013-06-12 21:30:00,0.0
2013-06-12 22:00:00,0.0
2013-06-12 22:30:00,0.0
2013-06-12 23:00:00,0.0
2013-06-12 23:30:00,0.0
2013-06-13 00:00:00,0.0
2013-06-13 00:30:00,0.0
2013-06-13 01:00:00,0.0
2013-06-13 01:30:00,0.0
2013-06-13 02:00:00,0.0
2013-06-13 02:30:00,0.0
2013-06-13 03:00:00,0.0
2013-06-13 03:30:00,0.0
2013-06-13 04:00:00,0.0
2013-06-13 04:30:00,0.0
2013-06-13 05:00:00,0.0
2013-06-13 05:30:00,0.025810089
2013-06-13 06:00:00,0.16597751
2013-06-13 06:30:00,0.45615357
2013-06-13 07:00:00,2.42676
2013-06-13 07:30:00,6.635343
2013-06-13 08:00:00,19.605513
2013-06-13 08:30:00,41.21882
2013-06-13 09:00:00,66.6683
2013-06-13 09:30:00,84.34911
2013-06-13 10:00:00,106.266945
2013-06-13 10:30:00,122.36164
2013-06-13 11:00:00,119.22697
2013-06-13 11:30:00,107.40022
2013-06-13 12:00:00,116.24538
2013-06-13 12:30:00,120.69796
2013-06-13 13:00:00,118.02638
2013-06-13 13:30:00,96.69415
2013-06-13 14:00:00,67.75419
2013-06-13 14:30:00,45.720856
2013-06-13 15:00:00,37.365143
2013-06-13 15:30:00,20.925713
2013-06-13 16:00:00,7.319636
2013-06-13 16:30:00,3.336813
2013-06-13 17:00:00,1.2147846
2013-06-13 17:30:00,0.6916402
2013-06-13 18:00:00,0.0
2013-06-13 18:30:00,0.0
2013-06-13 19:00:00,0.0
2013-06-13 19:30:00,0.0
2013-06-13 20:00:00,0.0
2013-06-13 20:30:00,0.0
2013-06-13 21:00:00,0.0
2013-06-13 21:30:00,0.0
2013-06-13 22:00:00,0.0
2013-06-13 22:30:00,0.0
2013-06-13 23:00:00,0.0
2013-06-13 23:30:00,0.0
2013-06-14 00:00:00,0.0
2013-06-14 00:30:00,0.0
2013-06-14 01:00:00,0.0
2013-06-14 01:30:00,0.0
2013-06-14 02:00:00,0.0
2013-06-14 02:30:00,0.0
2013-06-14 03:00:00,0.0
2013-06-14 03:30:00,0.0
2013-06-14 04:00:00,0.0
2013-06-14 04:30:00,0.0017448327
2013-06-14 05:00:00,0.0
2013-06-14 05:30:00,0.16152643
2013-06-14 06:00:00,0.3047698
2013-06-14 06:30:00,0.9038176
2013-06-14 07:00:00,3.1558719
2013-06-14 07:30:00,11.180045
2013-06-14 08:00:00,19.947056
2013-06-14 08:30:00,51.211975
2013-06-14 09:00:00,70.09601
2013-06-14 09:30:00,92.916985
2013-06-14 10:00:00,108.346725
2013-06-14 10:30:00,120.77872
2013-06-14 11:00:00,126.61158
2013-06-14 11:30:00,125.062515
2013-06-14 12:00:00,135.42632
2013-06-14 12:30:00,131.98973
2013-06-14 13:00:00,122.623116
2013-06-14 13:30:00,110.81804
2013-06-14 14:00:00,87.39251
2013-06-14 14:30:00,64.18361
2013-06-14 15:00:00,36.324123
2013-06-14 15:30:00,23.819395
2013-06-14 16:00:00,9.232095
2013-06-14 16:30:00,2.373514
2013-06-14 17:00:00,1.1217067
2013-06-14 17:30:00,0.7331226
2013-06-14 18:00:00,0.0
2013-06-14 18:30:00,0.0
2013-06-14 19:00:00,0.0
2013-06-14 19:30:00,0.0
2013-06-14 20:00:00,0.0
2013-06-14 20:30:00,0.0
2013-06-14 21:00:00,0.0
2013-06-14 21:30:00,0.0
2013-06-14 22:00:00,0.0
2013-06-14 22:30:00,0.0
2013-06-14 23:00:00,0.0
2013-06-14 23:30:00,0.0
2013-06-15 00:00:00,0.046137877
2013-06-15 00:30:00,0.045567997
2013-06-15 01:00:00,0.047052495
2013-06-15 01:30:00,0.045567997
2013-06-15 02:00:00,0.05459201
2013-06-15 02:30:00,0.05647479
2013-06-15 03:00:00,0.06296874
2013-06-15 03:30:00,0.08937872
2013-06-15 04:00:00,0.09104447
2013-06-15 04:30:00,0.096595265
2013-06-15 05:00:00,0.06957961
2013-06-15 05:30:00,0.25344846
2013-06-15 06:00:00,0.39669183
2013-06-15 06:30:00,0.9439014
2013-06-15 07:00:00,3.1993232
2013-06-15 07:30:00,8.94253
2013-06-15 08:00:00,15.995655
2013-06-15 08:30:00,27.198788
2013-06-15 09:00:00,56.19799
2013-06-15 09:30:00,85.25278
2013-06-15 10:00:00,111.40203
2013-06-15 10:30:00,114.30978
2013-06-15 11:00:00,122.28995
2013-06-15 11:30:00,118.53543
2013-06-15 12:00:00,113.96196
2013-06-15 12:30:00,115.94092
2013-06-15 13:00:00,100.37097
2013-06-15 13:30:00,67.88703
2013-06-15 14:00:00,53.929638
2013-06-15 14:30:00,32.611095
2013-06-15 15:00:00,18.055548
2013-06-15 15:30:00,11.481432
2013-06-15 16:00:00,11.018043
2013-06-15 16:30:00,2.8410635
2013-06-15 17:00:00,1.125666
2013-06-15 17:30:00,0.37238643
2013-06-15 18:00:00,0.0
2013-06-15 18:30:00,0.0
2013-06-15 19:00:00,0.0
2013-06-15 19:30:00,0.0
2013-06-15 20:00:00,0.0
2013-06-15 20:30:00,0.0
2013-06-15 21:00:00,0.0
2013-06-15 21:30:00,0.0
2013-06-15 22:00:00,0.0
2013-06-15 22:30:00,0.0
2013-06-15 23:00:00,0.0
2013-06-15 23:30:00,0.0
2013-06-16 00:00:00,0.08488971
2013-06-16 00:30:00,0.106236346
2013-06-16 01:00:00,0.10772084
2013-06-16 01:30:00,0.106236346
2013-06-16 02:00:00,0.11862761
2013-06-16 02:30:00,0.11714312
2013-06-16 03:00:00,0.123637065
2013-06-16 03:30:00,0.15341432
2013-06-16 04:00:00,0.1483455
2013-06-16 04:30:00,0.1538963
2013-06-16 05:00:00,0.123591244
2013-06-16 05:30:00,0.29575673
2013-06-16 06:00:00,0.47513926
2013-06-16 06:30:00,0.73138154
2013-06-16 07:00:00,2.8776522
2013-06-16 07:30:00,7.6405196
2013-06-16 08:00:00,20.43456
2013-06-16 08:30:00,43.63894
2013-06-16 09:00:00,66.798615
2013-06-16 09:30:00,83.82907
2013-06-16 10:00:00,107.67842
2013-06-16 10:30:00,115.83801
2013-06-16 11:00:00,121.34629
2013-06-16 11:30:00,122.75765
2013-06-16 12:00:00,119.84312
2013-06-16 12:30:00,118.76877
2013-06-16 13:00:00,126.6366
2013-06-16 13:30:00,107.61752
2013-06-16 14:00:00,89.34628
2013-06-16 14:30:00,50.68801
2013-06-16 15:00:00,30.676025
2013-06-16 15:30:00,20.260376
2013-06-16 16:00:00,12.712248
2013-06-16 16:30:00,1.0237359
2013-06-16 17:00:00,1.0923846
2013-06-16 17:30:00,0.43421826
2013-06-16 18:00:00,0.0
2013-06-16 18:30:00,0.0
2013-06-16 19:00:00,0.0
2013-06-16 19:30:00,0.0
2013-06-16 20:00:00,0.0
2013-06-16 20:30:00,0.0
2013-06-16 21:00:00,0.0
2013-06-16 21:30:00,0.0
2013-06-16 22:00:00,0.0
2013-06-16 22:30:00,0.0
2013-06-16 23:00:00,0.0
2013-06-16 23:30:00,0.0
2013-06-17 00:00:00,0.04841432
2013-06-17 00:30:00,0.061423965
2013-06-17 01:00:00,0.049328946
2013-06-17 01:30:00,0.061423965
2013-06-17 02:00:00,0.06016931
2013-06-17 02:30:00,0.07226433
2013-06-17 03:00:00,0.06517876
2013-06-17 03:30:00,0.10853555
2013-06-17 04:00:00,0.09325451
2013-06-17 04:30:00,0.11238482
2013-06-17 05:00:00,0.07178962
2013-06-17 05:30:00,0.26923794
2013-06-17 06:00:00,0.3989019
2013-06-17 06:30:00,0.9596909
2013-06-17 07:00:00,3.201533
2013-06-17 07:30:00,11.2628975
2013-06-17 08:00:00,21.987303
2013-06-17 08:30:00,45.82295
2013-06-17 09:00:00,67.88261
2013-06-17 09:30:00,83.894424
2013-06-17 10:00:00,94.71802
2013-06-17 10:30:00,102.26286
2013-06-17 11:00:00,108.01107
2013-06-17 11:30:00,100.864204
2013-06-17 12:00:00,83.48315
2013-06-17 12:30:00,75.64343
2013-06-17 13:00:00,94.99786
2013-06-17 13:30:00,76.24041
2013-06-17 14:00:00,53.30478
2013-06-17 14:30:00,28.605398
2013-06-17 15:00:00,26.143282
2013-06-17 15:30:00,20.135586
2013-06-17 16:00:00,10.435647
2013-06-17 16:30:00,2.4746776
2013-06-17 17:00:00,1.2831622
2013-06-17 17:30:00,0.37806106
2013-06-17 18:00:00,0.0
2013-06-17 18:30:00,0.0
2013-06-17 19:00:00,0.0
2013-06-17 19:30:00,0.0
2013-06-17 20:00:00,0.0
2013-06-17 20:30:00,0.0
2013-06-17 21:00:00,0.0
2013-06-17 21:30:00,0.0
2013-06-17 22:00:00,0.0
2013-06-17 22:30:00,0.0
2013-06-17 23:00:00,0.0
2013-06-17 23:30:00,0.0
2013-06-18 00:00:00,0.039117407
2013-06-18 00:30:00,0.03854753
2013-06-18 01:00:00,0.04003203
2013-06-18 01:30:00,0.03854753
2013-06-18 02:00:00,0.04750511
2013-06-18 02:30:00,0.049387887
2013-06-18 03:00:00,0.055881858
2013-06-18 03:30:00,0.08565914
2013-06-18 04:00:00,0.08395761
2013-06-18 04:30:00,0.08950838
2013-06-18 05:00:00,0.062492795
2013-06-18 05:30:00,0.24636164
2013-06-18 06:00:00,0.3896049
2013-06-18 06:30:00,0.65835196
2013-06-18 07:00:00,2.7325842
2013-06-18 07:30:00,10.954086
2013-06-18 08:00:00,20.406445
2013-06-18 08:30:00,46.535767
2013-06-18 09:00:00,66.66472
2013-06-18 09:30:00,94.03372
2013-06-18 10:00:00,109.114075
2013-06-18 10:30:00,123.81127
2013-06-18 11:00:00,133.11287
2013-06-18 11:30:00,124.78513
2013-06-18 12:00:00,132.69025
2013-06-18 12:30:00,132.28036
2013-06-18 13:00:00,126.608055
2013-06-18 13:30:00,116.02526
2013-06-18 14:00:00,93.96672
2013-06-18 14:30:00,72.920074
2013-06-18 15:00:00,41.734325
2013-06-18 15:30:00,23.452698
2013-06-18 16:00:00,11.240336
2013-06-18 16:30:00,1.9336104
2013-06-18 17:00:00,1.0684199
2013-06-18 17:30:00,0.6903403
2013-06-18 18:00:00,0.0
2013-06-18 18:30:00,0.0
2013-06-18 19:00:00,0.0
2013-06-18 19:30:00,0.0
2013-06-18 20:00:00,0.0
2013-06-18 20:30:00,0.0
2013-06-18 21:00:00,0.0
2013-06-18 21:30:00,0.0
2013-06-18 22:00:00,0.0
2013-06-18 22:30:00,0.0
2013-06-18 23:00:00,0.0
2013-06-18 23:30:00,0.0
2013-06-19 00:00:00,0.0
2013-06-19 00:30:00,0.0
2013-06-19 01:00:00,0.0
2013-06-19 01:30:00,0.0
2013-06-19 02:00:00,0.0
2013-06-19 02:30:00,0.0
2013-06-19 03:00:00,0.0
2013-06-19 03:30:00,0.0
2013-06-19 04:00:00,0.0
2013-06-19 04:30:00,0.0
2013-06-19 05:00:00,0.0
2013-06-19 05:30:00,0.101277724
2013-06-19 06:00:00,0.24452105
2013-06-19 06:30:00,0.84356856
2013-06-19 07:00:00,3.0989907
2013-06-19 07:30:00,11.305642
2013-06-19 08:00:00,14.148588
2013-06-19 08:30:00,22.665098
2013-06-19 09:00:00,43.5401
2013-06-19 09:30:00,59.982246
2013-06-19 10:00:00,73.160645
2013-06-19 10:30:00,71.286125
2013-06-19 11:00:00,67.20794
2013-06-19 11:30:00,88.60216
2013-06-19 12:00:00,107.193855
2013-06-19 12:30:00,109.44621
2013-06-19 13:00:00,106.975464
2013-06-19 13:30:00,67.28702
2013-06-19 14:00:00,52.945362
2013-06-19 14:30:00,41.93125
2013-06-19 15:00:00,27.777292
2013-06-19 15:30:00,19.582497
2013-06-19 16:00:00,8.6404295
2013-06-19 16:30:00,1.5457455
2013-06-19 17:00:00,1.1339253
2013-06-19 17:30:00,0.2781259
2013-06-19 18:00:00,0.0
2013-06-19 18:30:00,0.0
2013-06-19 19:00:00,0.0
2013-06-19 19:30:00,0.0
2013-06-19 20:00:00,0.0
2013-06-19 20:30:00,0.0
2013-06-19 21:00:00,0.0
2013-06-19 21:30:00,0.0
2013-06-19 22:00:00,0.0
2013-06-19 22:30:00,0.0
2013-06-19 23:00:00,0.0
2013-06-19 23:30:00,0.0
2013-06-20 00:00:00,0.0
2013-06-20 00:30:00,0.0
2013-06-20 01:00:00,0.0
2013-06-20 01:30:00,0.0
2013-06-20 02:00:00,0.0
2013-06-20 02:30:00,0.0
2013-06-20 03:00:00,0.0
2013-06-20 03:30:00,0.014289893
2013-06-20 04:00:00,0.012588346
2013-06-20 04:30:00,0.029711964
2013-06-20 05:00:00,0.0
2013-06-20 05:30:00,0.06596506
2013-06-20 06:00:00,0.20920834
2013-06-20 06:30:00,0.462647
2013-06-20 07:00:00,2.53688
2013-06-20 07:30:00,8.345282
2013-06-20 08:00:00,14.468645
2013-06-20 08:30:00,29.38293
2013-06-20 09:00:00,39.419292
2013-06-20 09:30:00,61.06992
2013-06-20 10:00:00,70.47081
2013-06-20 10:30:00,84.53139
2013-06-20 11:00:00,99.752785
2013-06-20 11:30:00,99.04214
2013-06-20 12:00:00,97.58044
2013-06-20 12:30:00,89.27226
2013-06-20 13:00:00,74.104126
2013-06-20 13:30:00,70.63629
2013-06-20 14:00:00,58.588318
2013-06-20 14:30:00,41.98145
2013-06-20 15:00:00,26.227144
2013-06-20 15:30:00,17.872717
2013-06-20 16:00:00,8.746233
2013-06-20 16:30:00,1.4660549
2013-06-20 17:00:00,0.82027733
2013-06-20 17:30:00,0.23582833
2013-06-20 18:00:00,0.0
2013-06-20 18:30:00,0.0
2013-06-20 19:00:00,0.0
2013-06-20 19:30:00,0.0
2013-06-20 20:00:00,0.0
2013-06-20 20:30:00,0.0
2013-06-20 21:00:00,0.0
2013-06-20 21:30:00,0.0
2013-06-20 22:00:00,0.0
2013-06-20 22:30:00,0.0
2013-06-20 23:00:00,0.0
2013-06-20 23:30:00,0.0
2013-06-21 00:00:00,0.0
2013-06-21 00:30:00,0.0
2013-06-21 01:00:00,0.0
2013-06-21 01:30:00,0.0
2013-06-21 02:00:00,0.0
2013-06-21 02:30:00,0.0
2013-06-21 03:00:00,0.0
2013-06-21 03:30:00,0.0
2013-06-21 04:00:00,0.0
2013-06-21 04:30:00,0.0
2013-06-21 05:00:00,0.0
2013-06-21 05:30:00,0.041388534
2013-06-21 06:00:00,0.18463175
2013-06-21 06:30:00,0.43470326
2013-06-21 07:00:00,2.8983543
2013-06-21 07:30:00,7.6426883
2013-06-21 08:00:00,15.57035
2013-06-21 08:30:00,33.213383
2013-06-21 09:00:00,50.14877
2013-06-21 09:30:00,55.363014
2013-06-21 10:00:00,63.694977
2013-06-21 10:30:00,87.679855
2013-06-21 11:00:00,120.11626
2013-06-21 11:30:00,117.76079
2013-06-21 12:00:00,112.330124
2013-06-21 12:30:00,114.792336
2013-06-21 13:00:00,95.77904
2013-06-21 13:30:00,62.224194
2013-06-21 14:00:00,49.371647
2013-06-21 14:30:00,37.68972
2013-06-21 15:00:00,27.56086
2013-06-21 15:30:00,17.630497
2013-06-21 16:00:00,10.239143
2013-06-21 16:30:00,0.9648709
2013-06-21 17:00:00,0.8852173
2013-06-21 17:30:00,0.13515554
2013-06-21 18:00:00,0.0
2013-06-21 18:30:00,0.0
2013-06-21 19:00:00,0.0
2013-06-21 19:30:00,0.0
2013-06-21 20:00:00,0.0
2013-06-21 20:30:00,0.0
2013-06-21 21:00:00,0.0
2013-06-21 21:30:00,0.0
2013-06-21 22:00:00,0.0
2013-06-21 22:30:00,0.0
2013-06-21 23:00:00,0.0
2013-06-21 23:30:00,0.0
2013-06-22 00:00:00,0.0
2013-06-22 00:30:00,0.0
2013-06-22 01:00:00,0.0
2013-06-22 01:30:00,0.0
2013-06-22 02:00:00,0.0
2013-06-22 02:30:00,0.0
2013-06-22 03:00:00,0.0
2013-06-22 03:30:00,0.0
2013-06-22 04:00:00,0.0
2013-06-22 04:30:00,0.0
2013-06-22 05:00:00,0.0
2013-06-22 05:30:00,0.047304787
2013-06-22 06:00:00,0.19054808
2013-06-22 06:30:00,0.4439868
2013-06-22 07:00:00,2.9042706
2013-06-22 07:30:00,7.9760146
2013-06-22 08:00:00,16.759357
2013-06-22 08:30:00,34.505775
2013-06-22 09:00:00,54.104767
2013-06-22 09:30:00,69.26374
2013-06-22 10:00:00,73.804214
2013-06-22 10:30:00,78.14575
2013-06-22 11:00:00,76.41357
2013-06-22 11:30:00,84.66999
2013-06-22 12:00:00,80.73138
2013-06-22 12:30:00,84.051926
2013-06-22 13:00:00,67.571106
2013-06-22 13:30:00,68.16732
2013-06-22 14:00:00,45.793747
2013-06-22 14:30:00,27.47257
2013-06-22 15:00:00,20.868332
2013-06-22 15:30:00,20.483192
2013-06-22 16:00:00,8.873434
2013-06-22 16:30:00,1.5576731
2013-06-22 17:00:00,0.88599855
2013-06-22 17:30:00,0.20896398
2013-06-22 18:00:00,0.0
2013-06-22 18:30:00,0.0
2013-06-22 19:00:00,0.0
2013-06-22 19:30:00,0.0
2013-06-22 20:00:00,0.0
2013-06-22 20:30:00,0.0
2013-06-22 21:00:00,0.0
2013-06-22 21:30:00,0.0
2013-06-22 22:00:00,0.0
2013-06-22 22:30:00,0.0
2013-06-22 23:00:00,0.0
2013-06-22 23:30:00,0.0
2013-06-23 00:00:00,0.0
2013-06-23 00:30:00,0.012568476
2013-06-23 01:00:00,0.010977361
2013-06-23 01:30:00,0.012568476
2013-06-23 02:00:00,0.021884123
2013-06-23 02:30:00,0.023475235
2013-06-23 03:00:00,0.026893592
2013-06-23 03:30:00,0.05974649
2013-06-23 04:00:00,0.054969355
2013-06-23 04:30:00,0.06359577
2013-06-23 05:00:00,0.0
2013-06-23 05:30:00,0.09306148
2013-06-23 06:00:00,0.26936853
2013-06-23 06:30:00,0.51001054
2013-06-23 07:00:00,3.0392573
2013-06-23 07:30:00,9.180791
2013-06-23 08:00:00,16.375645
2013-06-23 08:30:00,29.793072
2013-06-23 09:00:00,29.240976
2013-06-23 09:30:00,32.935356
2013-06-23 10:00:00,33.052174
2013-06-23 10:30:00,48.914238
2013-06-23 11:00:00,67.86223
2013-06-23 11:30:00,88.29959
2013-06-23 12:00:00,83.84835
2013-06-23 12:30:00,68.83479
2013-06-23 13:00:00,58.69976
2013-06-23 13:30:00,38.51118
2013-06-23 14:00:00,16.837965
2013-06-23 14:30:00,6.9928885
2013-06-23 15:00:00,7.0207987
2013-06-23 15:30:00,6.8385015
2013-06-23 16:00:00,10.979493
2013-06-23 16:30:00,2.298569
2013-06-23 17:00:00,1.8842349
2013-06-23 17:30:00,0.3424025
2013-06-23 18:00:00,0.0
2013-06-23 18:30:00,0.0
2013-06-23 19:00:00,0.0
2013-06-23 19:30:00,0.0
2013-06-23 20:00:00,0.0
2013-06-23 20:30:00,0.0
2013-06-23 21:00:00,0.0
2013-06-23 21:30:00,0.0
2013-06-23 22:00:00,0.0
2013-06-23 22:30:00,0.0
2013-06-23 23:00:00,0.0
2013-06-23 23:30:00,0.0
2013-06-24 00:00:00,0.0
2013-06-24 00:30:00,0.0
2013-06-24 01:00:00,0.0
2013-06-24 01:30:00,0.0
2013-06-24 02:00:00,0.0
2013-06-24 02:30:00,0.0
2013-06-24 03:00:00,0.0
2013-06-24 03:30:00,0.0
2013-06-24 04:00:00,0.0
2013-06-24 04:30:00,0.0
2013-06-24 05:00:00,0.0
2013-06-24 05:30:00,0.03327424
2013-06-24 06:00:00,0.17344193
2013-06-24 06:30:00,0.3698446
2013-06-24 07:00:00,2.8236852
2013-06-24 07:30:00,8.071829
2013-06-24 08:00:00,12.495013
2013-06-24 08:30:00,13.2728615
2013-06-24 09:00:00,15.984192
2013-06-24 09:30:00,25.025713
2013-06-24 10:00:00,41.329636
2013-06-24 10:30:00,61.005947
2013-06-24 11:00:00,78.5275
2013-06-24 11:30:00,106.03354
2013-06-24 12:00:00,110.96875
2013-06-24 12:30:00,80.217445
2013-06-24 13:00:00,65.11491
2013-06-24 13:30:00,63.721413
2013-06-24 14:00:00,46.25979
2013-06-24 14:30:00,40.580406
2013-06-24 15:00:00,29.029627
2013-06-24 15:30:00,15.354429
2013-06-24 16:00:00,7.5168605
2013-06-24 16:30:00,2.5349727
2013-06-24 17:00:00,1.1245444
2013-06-24 17:30:00,0.41258082
2013-06-24 18:00:00,0.0
2013-06-24 18:30:00,0.0
2013-06-24 19:00:00,0.0
2013-06-24 19:30:00,0.0
2013-06-24 20:00:00,0.0
2013-06-24 20:30:00,0.0
2013-06-24 21:00:00,0.0
2013-06-24 21:30:00,0.0
2013-06-24 22:00:00,0.0
2013-06-24 22:30:00,0.0
2013-06-24 23:00:00,0.0
2013-06-24 23:30:00,0.0
2013-06-25 00:00:00,0.0
2013-06-25 00:30:00,0.0
2013-06-25 01:00:00,0.0
2013-06-25 01:30:00,0.0
2013-06-25 02:00:00,0.0
2013-06-25 02:30:00,0.0
2013-06-25 03:00:00,0.0
2013-06-25 03:30:00,0.0
2013-06-25 04:00:00,0.0
2013-06-25 04:30:00,0.0020519188
2013-06-25 05:00:00,0.0
2013-06-25 05:30:00,0.049877785
2013-06-25 06:00:00,0.19004549
2013-06-25 06:30:00,0.5646787
2013-06-25 07:00:00,3.0218868
2013-06-25 07:30:00,7.99342
2013-06-25 08:00:00,17.35489
2013-06-25 08:30:00,31.768095
2013-06-25 09:00:00,34.825356
2013-06-25 09:30:00,22.676863
2013-06-25 10:00:00,22.093992
2013-06-25 10:30:00,40.532024
2013-06-25 11:00:00,45.816353
2013-06-25 11:30:00,44.54963
2013-06-25 12:00:00,50.06769
2013-06-25 12:30:00,49.021282
2013-06-25 13:00:00,55.064487
2013-06-25 13:30:00,80.49065
2013-06-25 14:00:00,66.76939
2013-06-25 14:30:00,39.18281
2013-06-25 15:00:00,33.909477
2013-06-25 15:30:00,26.346079
2013-06-25 16:00:00,8.534606
2013-06-25 16:30:00,1.1784211
2013-06-25 17:00:00,0.85474724
2013-06-25 17:30:00,0.33485025
2013-06-25 18:00:00,0.0
2013-06-25 18:30:00,0.0
2013-06-25 19:00:00,0.0
2013-06-25 19:30:00,0.0
2013-06-25 20:00:00,0.0
2013-06-25 20:30:00,0.0
2013-06-25 21:00:00,0.0
2013-06-25 21:30:00,0.0
2013-06-25 22:00:00,0.0
2013-06-25 22:30:00,0.0
2013-06-25 23:00:00,0.0
2013-06-25 23:30:00,0.0
2013-06-26 00:00:00,0.0
2013-06-26 00:30:00,0.0
2013-06-26 01:00:00,0.0
2013-06-26 01:30:00,0.0
2013-06-26 02:00:00,0.0
2013-06-26 02:30:00,0.0
2013-06-26 03:00:00,0.0
2013-06-26 03:30:00,0.0
2013-06-26 04:00:00,0.0
2013-06-26 04:30:00,0.0
2013-06-26 05:00:00,0.0
2013-06-26 05:30:00,0.02649599
2013-06-26 06:00:00,0.16666363
2013-06-26 06:30:00,0.520829
2013-06-26 07:00:00,2.981435
2013-06-26 07:30:00,10.69638
2013-06-26 08:00:00,15.278161
2013-06-26 08:30:00,29.728197
2013-06-26 09:00:00,39.881847
2013-06-26 09:30:00,36.030197
2013-06-26 10:00:00,65.376335
2013-06-26 10:30:00,64.331795
2013-06-26 11:00:00,77.08371
2013-06-26 11:30:00,83.22052
2013-06-26 12:00:00,81.89056
2013-06-26 12:30:00,74.16029
2013-06-26 13:00:00,73.86095
2013-06-26 13:30:00,62.121784
2013-06-26 14:00:00,48.695217
2013-06-26 14:30:00,29.554234
2013-06-26 15:00:00,22.34753
2013-06-26 15:30:00,20.312237
2013-06-26 16:00:00,7.42268
2013-06-26 16:30:00,1.033373
2013-06-26 17:00:00,1.31328
2013-06-26 17:30:00,0.32390037
2013-06-26 18:00:00,0.0
2013-06-26 18:30:00,0.0
2013-06-26 19:00:00,0.0
2013-06-26 19:30:00,0.0
2013-06-26 20:00:00,0.0
2013-06-26 20:30:00,0.0
2013-06-26 21:00:00,0.0
2013-06-26 21:30:00,0.0
2013-06-26 22:00:00,0.0
2013-06-26 22:30:00,0.0
2013-06-26 23:00:00,0.0
2013-06-26 23:30:00,0.0
2013-06-27 00:00:00,0.0
2013-06-27 00:30:00,0.0
2013-06-27 01:00:00,0.0
2013-06-27 01:30:00,0.0
2013-06-27 02:00:00,0.0
2013-06-27 02:30:00,0.0
2013-06-27 03:00:00,0.0
2013-06-27 03:30:00,0.0
2013-06-27 04:00:00,0.0
2013-06-27 04:30:00,0.0
2013-06-27 05:00:00,0.0
2013-06-27 05:30:00,0.018982664
2013-06-27 06:00:00,0.15578301
2013-06-27 06:30:00,0.5133157
2013-06-27 07:00:00,2.973922
2013-06-27 07:30:00,7.8427434
2013-06-27 08:00:00,16.581491
2013-06-27 08:30:00,26.424223
2013-06-27 09:00:00,30.706676
2013-06-27 09:30:00,37.381077
2013-06-27 10:00:00,48.027973
2013-06-27 10:30:00,41.901314
2013-06-27 11:00:00,51.14869
2013-06-27 11:30:00,55.439335
2013-06-27 12:00:00,67.47227
2013-06-27 12:30:00,55.157833
2013-06-27 13:00:00,52.362858
2013-06-27 13:30:00,47.07556
2013-06-27 14:00:00,30.90877
2013-06-27 14:30:00,26.402042
2013-06-27 15:00:00,11.031586
2013-06-27 15:30:00,9.369726
2013-06-27 16:00:00,10.19871
2013-06-27 16:30:00,1.2049062
2013-06-27 17:00:00,1.2730223
2013-06-27 17:30:00,0.3429947
2013-06-27 18:00:00,0.0
2013-06-27 18:30:00,0.0
2013-06-27 19:00:00,0.0
2013-06-27 19:30:00,0.0
2013-06-27 20:00:00,0.0
2013-06-27 20:30:00,0.0
2013-06-27 21:00:00,0.0
2013-06-27 21:30:00,0.0
2013-06-27 22:00:00,0.0
2013-06-27 22:30:00,0.0
2013-06-27 23:00:00,0.0
2013-06-27 23:30:00,0.0
2013-06-28 00:00:00,0.0
2013-06-28 00:30:00,0.0
2013-06-28 01:00:00,0.0
2013-06-28 01:30:00,0.0
2013-06-28 02:00:00,0.0
2013-06-28 02:30:00,0.0
2013-06-28 03:00:00,0.0
2013-06-28 03:30:00,0.0
2013-06-28 04:00:00,0.0
2013-06-28 04:30:00,0.0
2013-06-28 05:00:00,0.0
2013-06-28 05:30:00,0.0
2013-06-28 06:00:00,0.13523652
2013-06-28 06:30:00,0.489402
2013-06-28 07:00:00,2.9500082
2013-06-28 07:30:00,7.7207856
2013-06-28 08:00:00,14.518745
2013-06-28 08:30:00,24.688017
2013-06-28 09:00:00,25.42996
2013-06-28 09:30:00,26.340588
2013-06-28 10:00:00,32.27887
2013-06-28 10:30:00,45.525585
2013-06-28 11:00:00,60.559834
2013-06-28 11:30:00,59.179935
2013-06-28 12:00:00,63.689472
2013-06-28 12:30:00,68.08898
2013-06-28 13:00:00,47.782093
2013-06-28 13:30:00,43.194614
2013-06-28 14:00:00,15.936253
2013-06-28 14:30:00,11.1326
2013-06-28 15:00:00,14.19444
2013-06-28 15:30:00,10.318867
2013-06-28 16:00:00,11.836807
2013-06-28 16:30:00,1.5025592
2013-06-28 17:00:00,1.3703167
2013-06-28 17:30:00,0.35247076
2013-06-28 18:00:00,0.0
2013-06-28 18:30:00,0.0
2013-06-28 19:00:00,0.0
2013-06-28 19:30:00,0.0
2013-06-28 20:00:00,0.0
2013-06-28 20:30:00,0.0
2013-06-28 21:00:00,0.0
2013-06-28 21:30:00,0.0
2013-06-28 22:00:00,0.0
2013-06-28 22:30:00,0.0
2013-06-28 23:00:00,0.0
2013-06-28 23:30:00,0.0
2013-06-29 00:00:00,0.0
2013-06-29 00:30:00,0.0
2013-06-29 01:00:00,0.0
2013-06-29 01:30:00,0.0
2013-06-29 02:00:00,0.0
2013-06-29 02:30:00,0.0
2013-06-29 03:00:00,0.0
2013-06-29 03:30:00,0.0
2013-06-29 04:00:00,0.0
2013-06-29 04:30:00,0.0
2013-06-29 05:00:00,0.0
2013-06-29 05:30:00,0.024254072
2013-06-29 06:00:00,0.16105449
2013-06-29 06:30:00,0.38187158
2013-06-29 07:00:00,2.9245539
2013-06-29 07:30:00,7.03856
2013-06-29 08:00:00,11.922408
2013-06-29 08:30:00,17.706367
2013-06-29 09:00:00,23.899555
2013-06-29 09:30:00,25.382082
2013-06-29 10:00:00,26.125765
2013-06-29 10:30:00,27.435936
2013-06-29 11:00:00,28.410992
2013-06-29 11:30:00,27.293459
2013-06-29 12:00:00,37.067436
2013-06-29 12:30:00,35.95234
2013-06-29 13:00:00,34.204044
2013-06-29 13:30:00,26.261429
2013-06-29 14:00:00,18.574768
2013-06-29 14:30:00,20.80027
2013-06-29 15:00:00,20.57874
2013-06-29 15:30:00,10.263248
2013-06-29 16:00:00,10.129388
2013-06-29 16:30:00,1.4258349
2013-06-29 17:00:00,1.4244921
2013-06-29 17:30:00,0.5194493
2013-06-29 18:00:00,0.0
2013-06-29 18:30:00,0.0
2013-06-29 19:00:00,0.0
2013-06-29 19:30:00,0.0
2013-06-29 20:00:00,0.0
2013-06-29 20:30:00,0.0
2013-06-29 21:00:00,0.0
2013-06-29 21:30:00,0.0
2013-06-29 22:00:00,0.0
2013-06-29 22:30:00,0.0
2013-06-29 23:00:00,0.0
2013-06-29 23:30:00,0.0
2013-06-30 00:00:00,0.0
2013-06-30 00:30:00,0.0
2013-06-30 01:00:00,0.0
2013-06-30 01:30:00,0.0
2013-06-30 02:00:00,0.009196096
2013-06-30 02:30:00,0.010787211
2013-06-30 03:00:00,0.01420554
2013-06-30 03:30:00,0.059187014
2013-06-30 04:00:00,0.088676564
2013-06-30 04:30:00,0.09730299
2013-06-30 05:00:00,0.0
2013-06-30 05:30:00,0.11391438
2013-06-30 06:00:00,0.26808926
2013-06-30 06:30:00,0.5777983
2013-06-30 07:00:00,3.0885997
2013-06-30 07:30:00,6.58727
2013-06-30 08:00:00,11.653372
2013-06-30 08:30:00,16.063848
2013-06-30 09:00:00,25.834404
2013-06-30 09:30:00,28.610004
2013-06-30 10:00:00,33.134922
2013-06-30 10:30:00,42.220383
2013-06-30 11:00:00,68.29488
2013-06-30 11:30:00,63.289352
2013-06-30 12:00:00,56.430103
2013-06-30 12:30:00,54.546013
2013-06-30 13:00:00,44.194252
2013-06-30 13:30:00,48.68161
2013-06-30 14:00:00,32.844147
2013-06-30 14:30:00,24.848812
2013-06-30 15:00:00,20.617603
2013-06-30 15:30:00,16.808681
2013-06-30 16:00:00,8.044743
2013-06-30 16:30:00,2.1660776
2013-06-30 17:00:00,1.1294397
2013-06-30 17:30:00,0.3155552
2013-06-30 18:00:00,0.0
2013-06-30 18:30:00,0.0
2013-06-30 19:00:00,0.0
2013-06-30 19:30:00,0.0
2013-06-30 20:00:00,0.0
2013-06-30 20:30:00,0.0
2013-06-30 21:00:00,0.0
2013-06-30 21:30:00,0.0
2013-06-30 22:00:00,0.0
2013-06-30 22:30:00,0.0
2013-06-30 23:00:00,0.0
